,latitude,longitude
0,-58.75,-69.25
1,-58.5,-70.5
2,-58.5,-70.25
3,-58.5,-70.0
4,-58.5,-69.75
5,-58.5,-69.5
6,-58.5,-69.25
7,-58.25,-71.5
8,-58.25,-71.25
9,-58.25,-71.0
10,-58.25,-70.75
11,-58.25,-70.5
12,-58.25,-70.25
13,-58.25,-70.0
14,-58.25,-69.75
15,-58.25,-69.5
16,-58.25,-69.25
17,-58.0,-72.25
18,-58.0,-72.0
19,-58.0,-71.75
20,-58.0,-71.5
21,-58.0,-71.25
22,-58.0,-71.0
23,-58.0,-70.75
24,-58.0,-70.5
25,-58.0,-70.25
26,-58.0,-70.0
27,-58.0,-69.75
28,-58.0,-69.5
29,-58.0,-69.25
30,-57.75,-72.75
31,-57.75,-72.5
32,-57.75,-72.25
33,-57.75,-72.0
34,-57.75,-71.75
35,-57.75,-71.5
36,-57.75,-71.25
37,-57.75,-71.0
38,-57.75,-70.75
39,-57.75,-70.5
40,-57.75,-70.25
41,-57.75,-70.0
42,-57.75,-69.75
43,-57.75,-69.5
44,-57.75,-69.25
45,-57.5,-73.25
46,-57.5,-73.0
47,-57.5,-72.75
48,-57.5,-72.5
49,-57.5,-72.25
50,-57.5,-72.0
51,-57.5,-71.75
52,-57.5,-71.5
53,-57.5,-71.25
54,-57.5,-71.0
55,-57.5,-70.75
56,-57.5,-70.5
57,-57.5,-70.25
58,-57.5,-70.0
59,-57.5,-69.75
60,-57.5,-69.5
61,-57.5,-69.25
62,-57.25,-73.75
63,-57.25,-73.5
64,-57.25,-73.25
65,-57.25,-73.0
66,-57.25,-72.75
67,-57.25,-72.5
68,-57.25,-72.25
69,-57.25,-72.0
70,-57.25,-71.75
71,-57.25,-71.5
72,-57.25,-71.25
73,-57.25,-71.0
74,-57.25,-70.75
75,-57.25,-70.5
76,-57.25,-70.25
77,-57.25,-70.0
78,-57.25,-69.75
79,-57.25,-69.5
80,-57.25,-69.25
81,-57.0,-74.25
82,-57.0,-74.0
83,-57.0,-73.75
84,-57.0,-73.5
85,-57.0,-73.25
86,-57.0,-73.0
87,-57.0,-72.75
88,-57.0,-72.5
89,-57.0,-72.25
90,-57.0,-72.0
91,-57.0,-71.75
92,-57.0,-71.5
93,-57.0,-71.25
94,-57.0,-71.0
95,-57.0,-70.75
96,-57.0,-70.5
97,-57.0,-70.25
98,-57.0,-70.0
99,-57.0,-69.75
100,-57.0,-69.5
101,-57.0,-69.25
102,-56.75,-74.75
103,-56.75,-74.5
104,-56.75,-74.25
105,-56.75,-74.0
106,-56.75,-73.75
107,-56.75,-73.5
108,-56.75,-73.25
109,-56.75,-73.0
110,-56.75,-72.75
111,-56.75,-72.5
112,-56.75,-72.25
113,-56.75,-72.0
114,-56.75,-71.75
115,-56.75,-71.5
116,-56.75,-71.25
117,-56.75,-71.0
118,-56.75,-70.75
119,-56.75,-70.5
120,-56.75,-70.25
121,-56.75,-70.0
122,-56.75,-69.75
123,-56.75,-69.5
124,-56.75,-69.25
125,-56.5,-75.25
126,-56.5,-75.0
127,-56.5,-74.75
128,-56.5,-74.5
129,-56.5,-74.25
130,-56.5,-74.0
131,-56.5,-73.75
132,-56.5,-73.5
133,-56.5,-73.25
134,-56.5,-73.0
135,-56.5,-72.75
136,-56.5,-72.5
137,-56.5,-72.25
138,-56.5,-72.0
139,-56.5,-71.75
140,-56.5,-71.5
141,-56.5,-71.25
142,-56.5,-71.0
143,-56.5,-70.75
144,-56.5,-70.5
145,-56.5,-70.25
146,-56.5,-70.0
147,-56.5,-69.75
148,-56.5,-69.5
149,-56.5,-69.25
150,-56.25,-75.5
151,-56.25,-75.25
152,-56.25,-75.0
153,-56.25,-74.75
154,-56.25,-74.5
155,-56.25,-74.25
156,-56.25,-74.0
157,-56.25,-73.75
158,-56.25,-73.5
159,-56.25,-73.25
160,-56.25,-73.0
161,-56.25,-72.75
162,-56.25,-72.5
163,-56.25,-72.25
164,-56.25,-72.0
165,-56.25,-71.75
166,-56.25,-71.5
167,-56.25,-71.25
168,-56.25,-71.0
169,-56.25,-70.75
170,-56.25,-70.5
171,-56.25,-70.25
172,-56.25,-70.0
173,-56.25,-69.75
174,-56.25,-69.5
175,-56.25,-69.25
176,-56.0,-75.75
177,-56.0,-75.5
178,-56.0,-75.25
179,-56.0,-75.0
180,-56.0,-74.75
181,-56.0,-74.5
182,-56.0,-74.25
183,-56.0,-74.0
184,-56.0,-73.75
185,-56.0,-73.5
186,-56.0,-73.25
187,-56.0,-73.0
188,-56.0,-72.75
189,-56.0,-72.5
190,-56.0,-72.25
191,-56.0,-72.0
192,-56.0,-71.75
193,-56.0,-71.5
194,-56.0,-71.25
195,-56.0,-71.0
196,-56.0,-70.75
197,-56.0,-70.5
198,-56.0,-70.25
199,-56.0,-70.0
200,-56.0,-69.75
201,-56.0,-69.5
202,-56.0,-69.25
203,-55.75,-76.0
204,-55.75,-75.75
205,-55.75,-75.5
206,-55.75,-75.25
207,-55.75,-75.0
208,-55.75,-74.75
209,-55.75,-74.5
210,-55.75,-74.25
211,-55.75,-74.0
212,-55.75,-73.75
213,-55.75,-73.5
214,-55.75,-73.25
215,-55.75,-73.0
216,-55.75,-72.75
217,-55.75,-72.5
218,-55.75,-72.25
219,-55.75,-72.0
220,-55.75,-71.75
221,-55.75,-71.5
222,-55.75,-71.25
223,-55.75,-71.0
224,-55.75,-70.75
225,-55.75,-70.5
226,-55.75,-70.25
227,-55.75,-70.0
228,-55.75,-69.75
229,-55.75,-69.5
230,-55.75,-69.25
231,-55.5,-76.5
232,-55.5,-76.25
233,-55.5,-76.0
234,-55.5,-75.75
235,-55.5,-75.5
236,-55.5,-75.25
237,-55.5,-75.0
238,-55.5,-74.75
239,-55.5,-74.5
240,-55.5,-74.25
241,-55.5,-74.0
242,-55.5,-73.75
243,-55.5,-73.5
244,-55.5,-73.25
245,-55.5,-73.0
246,-55.5,-72.75
247,-55.5,-72.5
248,-55.5,-72.25
249,-55.5,-72.0
250,-55.5,-71.75
251,-55.5,-71.5
252,-55.5,-71.25
253,-55.5,-71.0
254,-55.5,-70.75
255,-55.5,-70.5
256,-55.5,-70.25
257,-55.5,-70.0
258,-55.5,-69.75
259,-55.25,-76.75
260,-55.25,-76.5
261,-55.25,-76.25
262,-55.25,-76.0
263,-55.25,-75.75
264,-55.25,-75.5
265,-55.25,-75.25
266,-55.25,-75.0
267,-55.25,-74.75
268,-55.25,-74.5
269,-55.25,-74.25
270,-55.25,-74.0
271,-55.25,-73.75
272,-55.25,-73.5
273,-55.25,-73.25
274,-55.25,-73.0
275,-55.25,-72.75
276,-55.25,-72.5
277,-55.25,-72.25
278,-55.25,-72.0
279,-55.25,-71.75
280,-55.25,-71.5
281,-55.25,-71.25
282,-55.25,-71.0
283,-55.25,-70.75
284,-55.25,-70.5
285,-55.25,-70.25
286,-55.25,-70.0
287,-55.0,-77.0
288,-55.0,-76.75
289,-55.0,-76.5
290,-55.0,-76.25
291,-55.0,-76.0
292,-55.0,-75.75
293,-55.0,-75.5
294,-55.0,-75.25
295,-55.0,-75.0
296,-55.0,-74.75
297,-55.0,-74.5
298,-55.0,-74.25
299,-55.0,-74.0
300,-55.0,-73.75
301,-55.0,-73.5
302,-55.0,-73.25
303,-55.0,-73.0
304,-55.0,-72.75
305,-55.0,-72.5
306,-55.0,-72.25
307,-55.0,-72.0
308,-55.0,-71.75
309,-55.0,-71.5
310,-55.0,-71.25
311,-55.0,-70.0
312,-54.75,-77.25
313,-54.75,-77.0
314,-54.75,-76.75
315,-54.75,-76.5
316,-54.75,-76.25
317,-54.75,-76.0
318,-54.75,-75.75
319,-54.75,-75.5
320,-54.75,-75.25
321,-54.75,-75.0
322,-54.75,-74.75
323,-54.75,-74.5
324,-54.75,-74.25
325,-54.75,-74.0
326,-54.75,-73.75
327,-54.75,-73.5
328,-54.75,-73.25
329,-54.75,-73.0
330,-54.75,-72.75
331,-54.75,-72.5
332,-54.75,-72.25
333,-54.75,-72.0
334,-54.75,-71.75
335,-54.5,-77.25
336,-54.5,-77.0
337,-54.5,-76.75
338,-54.5,-76.5
339,-54.5,-76.25
340,-54.5,-76.0
341,-54.5,-75.75
342,-54.5,-75.5
343,-54.5,-75.25
344,-54.5,-75.0
345,-54.5,-74.75
346,-54.5,-74.5
347,-54.5,-74.25
348,-54.5,-74.0
349,-54.5,-73.75
350,-54.5,-73.5
351,-54.5,-73.25
352,-54.5,-72.75
353,-54.5,-72.5
354,-54.5,-72.25
355,-54.25,-77.5
356,-54.25,-77.25
357,-54.25,-77.0
358,-54.25,-76.75
359,-54.25,-76.5
360,-54.25,-76.25
361,-54.25,-76.0
362,-54.25,-75.75
363,-54.25,-75.5
364,-54.25,-75.25
365,-54.25,-75.0
366,-54.25,-74.75
367,-54.25,-74.5
368,-54.25,-74.25
369,-54.25,-74.0
370,-54.25,-73.75
371,-54.25,-73.5
372,-54.25,-73.25
373,-54.25,-73.0
374,-54.25,-72.75
375,-54.0,-77.5
376,-54.0,-77.25
377,-54.0,-77.0
378,-54.0,-76.75
379,-54.0,-76.5
380,-54.0,-76.25
381,-54.0,-76.0
382,-54.0,-75.75
383,-54.0,-75.5
384,-54.0,-75.25
385,-54.0,-75.0
386,-54.0,-74.75
387,-54.0,-74.5
388,-54.0,-74.25
389,-54.0,-74.0
390,-54.0,-73.75
391,-54.0,-73.5
392,-53.75,-77.75
393,-53.75,-77.5
394,-53.75,-77.25
395,-53.75,-77.0
396,-53.75,-76.75
397,-53.75,-76.5
398,-53.75,-76.25
399,-53.75,-76.0
400,-53.75,-75.75
401,-53.75,-75.5
402,-53.75,-75.25
403,-53.75,-75.0
404,-53.75,-74.75
405,-53.75,-74.5
406,-53.75,-74.25
407,-53.75,-74.0
408,-53.75,-73.75
409,-53.75,-73.5
410,-53.75,-71.75
411,-53.75,-70.25
412,-53.5,-77.75
413,-53.5,-77.5
414,-53.5,-77.25
415,-53.5,-77.0
416,-53.5,-76.75
417,-53.5,-76.5
418,-53.5,-76.25
419,-53.5,-76.0
420,-53.5,-75.75
421,-53.5,-75.5
422,-53.5,-75.25
423,-53.5,-75.0
424,-53.5,-74.75
425,-53.5,-74.5
426,-53.5,-74.0
427,-53.5,-70.25
428,-53.5,-70.0
429,-53.5,-69.75
430,-53.5,-69.5
431,-53.25,-78.0
432,-53.25,-77.75
433,-53.25,-77.5
434,-53.25,-77.25
435,-53.25,-77.0
436,-53.25,-76.75
437,-53.25,-76.5
438,-53.25,-76.25
439,-53.25,-76.0
440,-53.25,-75.75
441,-53.25,-75.5
442,-53.25,-75.25
443,-53.25,-75.0
444,-53.25,-74.75
445,-53.25,-74.5
446,-53.25,-73.75
447,-53.25,-70.75
448,-53.25,-70.5
449,-53.0,-78.0
450,-53.0,-77.75
451,-53.0,-77.5
452,-53.0,-77.25
453,-53.0,-77.0
454,-53.0,-76.75
455,-53.0,-76.5
456,-53.0,-76.25
457,-53.0,-76.0
458,-53.0,-75.75
459,-53.0,-75.5
460,-53.0,-75.25
461,-53.0,-75.0
462,-53.0,-74.75
463,-53.0,-74.5
464,-53.0,-70.5
465,-52.75,-78.0
466,-52.75,-77.75
467,-52.75,-77.5
468,-52.75,-77.25
469,-52.75,-77.0
470,-52.75,-76.75
471,-52.75,-76.5
472,-52.75,-76.25
473,-52.75,-76.0
474,-52.75,-75.75
475,-52.75,-75.5
476,-52.75,-75.25
477,-52.75,-75.0
478,-52.75,-74.75
479,-52.75,-73.75
480,-52.75,-73.5
481,-52.75,-70.5
482,-52.5,-78.25
483,-52.5,-78.0
484,-52.5,-77.75
485,-52.5,-77.5
486,-52.5,-77.25
487,-52.5,-77.0
488,-52.5,-76.75
489,-52.5,-76.5
490,-52.5,-76.25
491,-52.5,-76.0
492,-52.5,-75.75
493,-52.5,-75.5
494,-52.5,-75.25
495,-52.5,-75.0
496,-52.5,-74.75
497,-52.25,-78.25
498,-52.25,-78.0
499,-52.25,-77.75
500,-52.25,-77.5
501,-52.25,-77.25
502,-52.25,-77.0
503,-52.25,-76.75
504,-52.25,-76.5
505,-52.25,-76.25
506,-52.25,-76.0
507,-52.25,-75.75
508,-52.25,-75.5
509,-52.25,-75.25
510,-52.25,-75.0
511,-52.0,-78.25
512,-52.0,-78.0
513,-52.0,-77.75
514,-52.0,-77.5
515,-52.0,-77.25
516,-52.0,-77.0
517,-52.0,-76.75
518,-52.0,-76.5
519,-52.0,-76.25
520,-52.0,-76.0
521,-52.0,-75.75
522,-52.0,-75.5
523,-52.0,-75.25
524,-51.75,-78.5
525,-51.75,-78.25
526,-51.75,-78.0
527,-51.75,-77.75
528,-51.75,-77.5
529,-51.75,-77.25
530,-51.75,-77.0
531,-51.75,-76.75
532,-51.75,-76.5
533,-51.75,-76.25
534,-51.75,-76.0
535,-51.75,-75.75
536,-51.75,-75.5
537,-51.75,-75.25
538,-51.5,-78.5
539,-51.5,-78.25
540,-51.5,-78.0
541,-51.5,-77.75
542,-51.5,-77.5
543,-51.5,-77.25
544,-51.5,-77.0
545,-51.5,-76.75
546,-51.5,-76.5
547,-51.5,-76.25
548,-51.5,-76.0
549,-51.5,-75.75
550,-51.5,-75.5
551,-51.5,-74.75
552,-51.5,-74.5
553,-51.5,-74.25
554,-51.25,-78.5
555,-51.25,-78.25
556,-51.25,-78.0
557,-51.25,-77.75
558,-51.25,-77.5
559,-51.25,-77.25
560,-51.25,-77.0
561,-51.25,-76.75
562,-51.25,-76.5
563,-51.25,-76.25
564,-51.25,-76.0
565,-51.25,-75.75
566,-51.25,-75.5
567,-51.25,-75.25
568,-51.0,-78.5
569,-51.0,-78.25
570,-51.0,-78.0
571,-51.0,-77.75
572,-51.0,-77.5
573,-51.0,-77.25
574,-51.0,-77.0
575,-51.0,-76.75
576,-51.0,-76.5
577,-51.0,-76.25
578,-51.0,-76.0
579,-51.0,-75.75
580,-51.0,-75.5
581,-51.0,-75.25
582,-50.75,-78.75
583,-50.75,-78.5
584,-50.75,-78.25
585,-50.75,-78.0
586,-50.75,-77.75
587,-50.75,-77.5
588,-50.75,-77.25
589,-50.75,-77.0
590,-50.75,-76.75
591,-50.75,-76.5
592,-50.75,-76.25
593,-50.75,-76.0
594,-50.75,-75.75
595,-50.75,-75.5
596,-50.5,-78.75
597,-50.5,-78.5
598,-50.5,-78.25
599,-50.5,-78.0
600,-50.5,-77.75
601,-50.5,-77.5
602,-50.5,-77.25
603,-50.5,-77.0
604,-50.5,-76.75
605,-50.5,-76.5
606,-50.5,-76.25
607,-50.5,-76.0
608,-50.5,-75.75
609,-50.5,-75.5
610,-50.25,-78.5
611,-50.25,-78.25
612,-50.25,-78.0
613,-50.25,-77.75
614,-50.25,-77.5
615,-50.25,-77.25
616,-50.25,-77.0
617,-50.25,-76.75
618,-50.25,-76.5
619,-50.25,-76.25
620,-50.25,-76.0
621,-50.25,-75.75
622,-50.25,-75.5
623,-50.0,-78.5
624,-50.0,-78.25
625,-50.0,-78.0
626,-50.0,-77.75
627,-50.0,-77.5
628,-50.0,-77.25
629,-50.0,-77.0
630,-50.0,-76.75
631,-50.0,-76.5
632,-50.0,-76.25
633,-50.0,-76.0
634,-50.0,-75.75
635,-50.0,-75.5
636,-49.75,-78.5
637,-49.75,-78.25
638,-49.75,-78.0
639,-49.75,-77.75
640,-49.75,-77.5
641,-49.75,-77.25
642,-49.75,-77.0
643,-49.75,-76.75
644,-49.75,-76.5
645,-49.75,-76.25
646,-49.75,-76.0
647,-49.75,-75.75
648,-49.5,-78.5
649,-49.5,-78.25
650,-49.5,-78.0
651,-49.5,-77.75
652,-49.5,-77.5
653,-49.5,-77.25
654,-49.5,-77.0
655,-49.5,-76.75
656,-49.5,-76.5
657,-49.5,-76.25
658,-49.5,-76.0
659,-49.5,-75.75
660,-49.5,-75.5
661,-49.25,-78.5
662,-49.25,-78.25
663,-49.25,-78.0
664,-49.25,-77.75
665,-49.25,-77.5
666,-49.25,-77.25
667,-49.25,-77.0
668,-49.25,-76.75
669,-49.25,-76.5
670,-49.25,-76.25
671,-49.25,-76.0
672,-49.0,-78.5
673,-49.0,-78.25
674,-49.0,-78.0
675,-49.0,-77.75
676,-49.0,-77.5
677,-49.0,-77.25
678,-49.0,-77.0
679,-49.0,-76.75
680,-49.0,-76.5
681,-49.0,-76.25
682,-49.0,-76.0
683,-48.75,-78.75
684,-48.75,-78.5
685,-48.75,-78.25
686,-48.75,-78.0
687,-48.75,-77.75
688,-48.75,-77.5
689,-48.75,-77.25
690,-48.75,-77.0
691,-48.75,-76.75
692,-48.75,-76.5
693,-48.75,-76.25
694,-48.75,-76.0
695,-48.5,-78.75
696,-48.5,-78.5
697,-48.5,-78.25
698,-48.5,-78.0
699,-48.5,-77.75
700,-48.5,-77.5
701,-48.5,-77.25
702,-48.5,-77.0
703,-48.5,-76.75
704,-48.5,-76.5
705,-48.5,-76.25
706,-48.5,-76.0
707,-48.5,-75.75
708,-48.25,-78.75
709,-48.25,-78.5
710,-48.25,-78.25
711,-48.25,-78.0
712,-48.25,-77.75
713,-48.25,-77.5
714,-48.25,-77.25
715,-48.25,-77.0
716,-48.25,-76.75
717,-48.25,-76.5
718,-48.25,-76.25
719,-48.25,-76.0
720,-48.25,-75.75
721,-48.0,-78.75
722,-48.0,-78.5
723,-48.0,-78.25
724,-48.0,-78.0
725,-48.0,-77.75
726,-48.0,-77.5
727,-48.0,-77.25
728,-48.0,-77.0
729,-48.0,-76.75
730,-48.0,-76.5
731,-48.0,-76.25
732,-48.0,-76.0
733,-48.0,-75.75
734,-47.75,-78.75
735,-47.75,-78.5
736,-47.75,-78.25
737,-47.75,-78.0
738,-47.75,-77.75
739,-47.75,-77.5
740,-47.75,-77.25
741,-47.75,-77.0
742,-47.75,-76.75
743,-47.75,-76.5
744,-47.75,-76.25
745,-47.75,-76.0
746,-47.75,-75.75
747,-47.75,-75.5
748,-47.5,-78.75
749,-47.5,-78.5
750,-47.5,-78.25
751,-47.5,-78.0
752,-47.5,-77.75
753,-47.5,-77.5
754,-47.5,-77.25
755,-47.5,-77.0
756,-47.5,-76.75
757,-47.5,-76.5
758,-47.5,-76.25
759,-47.5,-76.0
760,-47.5,-75.75
761,-47.5,-75.5
762,-47.5,-75.25
763,-47.5,-75.0
764,-47.5,-74.75
765,-47.25,-78.75
766,-47.25,-78.5
767,-47.25,-78.25
768,-47.25,-78.0
769,-47.25,-77.75
770,-47.25,-77.5
771,-47.25,-77.25
772,-47.25,-77.0
773,-47.25,-76.75
774,-47.25,-76.5
775,-47.25,-76.25
776,-47.25,-76.0
777,-47.25,-75.75
778,-47.25,-75.5
779,-47.25,-75.25
780,-47.25,-75.0
781,-47.25,-74.75
782,-47.25,-74.5
783,-47.0,-78.75
784,-47.0,-78.5
785,-47.0,-78.25
786,-47.0,-78.0
787,-47.0,-77.75
788,-47.0,-77.5
789,-47.0,-77.25
790,-47.0,-77.0
791,-47.0,-76.75
792,-47.0,-76.5
793,-47.0,-76.25
794,-47.0,-76.0
795,-47.0,-75.75
796,-47.0,-75.5
797,-47.0,-75.25
798,-47.0,-75.0
799,-47.0,-74.75
800,-46.75,-78.75
801,-46.75,-78.5
802,-46.75,-78.25
803,-46.75,-78.0
804,-46.75,-77.75
805,-46.75,-77.5
806,-46.75,-77.25
807,-46.75,-77.0
808,-46.75,-76.75
809,-46.75,-76.5
810,-46.75,-76.25
811,-46.75,-76.0
812,-46.75,-75.75
813,-46.5,-78.75
814,-46.5,-78.5
815,-46.5,-78.25
816,-46.5,-78.0
817,-46.5,-77.75
818,-46.5,-77.5
819,-46.5,-77.25
820,-46.5,-77.0
821,-46.5,-76.75
822,-46.5,-76.5
823,-46.5,-76.25
824,-46.5,-76.0
825,-46.5,-75.75
826,-46.25,-78.75
827,-46.25,-78.5
828,-46.25,-78.25
829,-46.25,-78.0
830,-46.25,-77.75
831,-46.25,-77.5
832,-46.25,-77.25
833,-46.25,-77.0
834,-46.25,-76.75
835,-46.25,-76.5
836,-46.25,-76.25
837,-46.25,-76.0
838,-46.25,-75.75
839,-46.25,-75.5
840,-46.25,-75.25
841,-46.0,-78.75
842,-46.0,-78.5
843,-46.0,-78.25
844,-46.0,-78.0
845,-46.0,-77.75
846,-46.0,-77.5
847,-46.0,-77.25
848,-46.0,-77.0
849,-46.0,-76.75
850,-46.0,-76.5
851,-46.0,-76.25
852,-46.0,-76.0
853,-46.0,-75.75
854,-46.0,-75.5
855,-46.0,-75.25
856,-45.75,-78.75
857,-45.75,-78.5
858,-45.75,-78.25
859,-45.75,-78.0
860,-45.75,-77.75
861,-45.75,-77.5
862,-45.75,-77.25
863,-45.75,-77.0
864,-45.75,-76.75
865,-45.75,-76.5
866,-45.75,-76.25
867,-45.75,-76.0
868,-45.75,-75.75
869,-45.75,-75.5
870,-45.75,-75.25
871,-45.75,-75.0
872,-45.75,-74.75
873,-45.5,-78.75
874,-45.5,-78.5
875,-45.5,-78.25
876,-45.5,-78.0
877,-45.5,-77.75
878,-45.5,-77.5
879,-45.5,-77.25
880,-45.5,-77.0
881,-45.5,-76.75
882,-45.5,-76.5
883,-45.5,-76.25
884,-45.5,-76.0
885,-45.5,-75.75
886,-45.5,-75.5
887,-45.5,-75.25
888,-45.5,-75.0
889,-45.25,-78.5
890,-45.25,-78.25
891,-45.25,-78.0
892,-45.25,-77.75
893,-45.25,-77.5
894,-45.25,-77.25
895,-45.25,-77.0
896,-45.25,-76.75
897,-45.25,-76.5
898,-45.25,-76.25
899,-45.25,-76.0
900,-45.25,-75.75
901,-45.25,-75.5
902,-45.25,-75.25
903,-45.25,-75.0
904,-45.25,-74.75
905,-45.25,-73.5
906,-45.0,-78.5
907,-45.0,-78.25
908,-45.0,-78.0
909,-45.0,-77.75
910,-45.0,-77.5
911,-45.0,-77.25
912,-45.0,-77.0
913,-45.0,-76.75
914,-45.0,-76.5
915,-45.0,-76.25
916,-45.0,-76.0
917,-45.0,-75.75
918,-45.0,-75.5
919,-45.0,-75.25
920,-45.0,-75.0
921,-45.0,-74.75
922,-45.0,-74.5
923,-45.0,-73.5
924,-44.75,-78.25
925,-44.75,-78.0
926,-44.75,-77.75
927,-44.75,-77.5
928,-44.75,-77.25
929,-44.75,-77.0
930,-44.75,-76.75
931,-44.75,-76.5
932,-44.75,-76.25
933,-44.75,-76.0
934,-44.75,-75.75
935,-44.75,-75.5
936,-44.75,-75.25
937,-44.75,-74.75
938,-44.75,-74.5
939,-44.75,-73.5
940,-44.5,-78.0
941,-44.5,-77.75
942,-44.5,-77.5
943,-44.5,-77.25
944,-44.5,-77.0
945,-44.5,-76.75
946,-44.5,-76.5
947,-44.5,-76.25
948,-44.5,-76.0
949,-44.5,-75.75
950,-44.5,-75.5
951,-44.5,-75.25
952,-44.5,-75.0
953,-44.5,-74.5
954,-44.5,-73.5
955,-44.25,-77.75
956,-44.25,-77.5
957,-44.25,-77.25
958,-44.25,-77.0
959,-44.25,-76.75
960,-44.25,-76.5
961,-44.25,-76.25
962,-44.25,-76.0
963,-44.25,-75.75
964,-44.25,-75.5
965,-44.25,-75.25
966,-44.25,-75.0
967,-44.25,-74.75
968,-44.25,-74.5
969,-44.25,-73.5
970,-44.0,-77.75
971,-44.0,-77.5
972,-44.0,-77.25
973,-44.0,-77.0
974,-44.0,-76.75
975,-44.0,-76.5
976,-44.0,-76.25
977,-44.0,-76.0
978,-44.0,-75.75
979,-44.0,-75.5
980,-44.0,-75.25
981,-44.0,-75.0
982,-44.0,-74.75
983,-44.0,-74.5
984,-44.0,-74.0
985,-44.0,-73.75
986,-43.75,-77.5
987,-43.75,-77.25
988,-43.75,-77.0
989,-43.75,-76.75
990,-43.75,-76.5
991,-43.75,-76.25
992,-43.75,-76.0
993,-43.75,-75.75
994,-43.75,-75.5
995,-43.75,-75.25
996,-43.75,-75.0
997,-43.75,-74.75
998,-43.75,-74.5
999,-43.75,-74.25
1000,-43.75,-74.0
1001,-43.75,-73.75
1002,-43.75,-73.5
1003,-43.75,-73.25
1004,-43.75,-73.0
1005,-43.5,-77.5
1006,-43.5,-77.25
1007,-43.5,-77.0
1008,-43.5,-76.75
1009,-43.5,-76.5
1010,-43.5,-76.25
1011,-43.5,-76.0
1012,-43.5,-75.75
1013,-43.5,-75.5
1014,-43.5,-75.25
1015,-43.5,-75.0
1016,-43.5,-74.5
1017,-43.5,-74.25
1018,-43.5,-74.0
1019,-43.5,-73.75
1020,-43.5,-73.5
1021,-43.5,-73.25
1022,-43.25,-77.5
1023,-43.25,-77.25
1024,-43.25,-77.0
1025,-43.25,-76.75
1026,-43.25,-76.5
1027,-43.25,-76.25
1028,-43.25,-76.0
1029,-43.25,-75.75
1030,-43.25,-75.5
1031,-43.25,-75.25
1032,-43.25,-75.0
1033,-43.25,-74.75
1034,-43.25,-74.5
1035,-43.25,-73.25
1036,-43.0,-77.5
1037,-43.0,-77.25
1038,-43.0,-77.0
1039,-43.0,-76.75
1040,-43.0,-76.5
1041,-43.0,-76.25
1042,-43.0,-76.0
1043,-43.0,-75.75
1044,-43.0,-75.5
1045,-43.0,-75.25
1046,-43.0,-75.0
1047,-43.0,-74.75
1048,-43.0,-74.5
1049,-43.0,-73.25
1050,-43.0,-73.0
1051,-42.75,-77.5
1052,-42.75,-77.25
1053,-42.75,-77.0
1054,-42.75,-76.75
1055,-42.75,-76.5
1056,-42.75,-76.25
1057,-42.75,-76.0
1058,-42.75,-75.75
1059,-42.75,-75.5
1060,-42.75,-75.25
1061,-42.75,-75.0
1062,-42.75,-74.75
1063,-42.75,-74.5
1064,-42.75,-74.25
1065,-42.75,-73.25
1066,-42.5,-77.5
1067,-42.5,-77.25
1068,-42.5,-77.0
1069,-42.5,-76.75
1070,-42.5,-76.5
1071,-42.5,-76.25
1072,-42.5,-76.0
1073,-42.5,-75.75
1074,-42.5,-75.5
1075,-42.5,-75.25
1076,-42.5,-75.0
1077,-42.5,-74.75
1078,-42.5,-74.5
1079,-42.5,-74.25
1080,-42.5,-73.5
1081,-42.5,-73.0
1082,-42.25,-77.5
1083,-42.25,-77.25
1084,-42.25,-77.0
1085,-42.25,-76.75
1086,-42.25,-76.5
1087,-42.25,-76.25
1088,-42.25,-76.0
1089,-42.25,-75.75
1090,-42.25,-75.5
1091,-42.25,-75.25
1092,-42.25,-75.0
1093,-42.25,-74.75
1094,-42.25,-74.5
1095,-42.25,-74.25
1096,-42.25,-73.25
1097,-42.25,-73.0
1098,-42.0,-77.25
1099,-42.0,-77.0
1100,-42.0,-76.75
1101,-42.0,-76.5
1102,-42.0,-76.25
1103,-42.0,-76.0
1104,-42.0,-75.75
1105,-42.0,-75.5
1106,-42.0,-75.25
1107,-42.0,-75.0
1108,-42.0,-74.75
1109,-42.0,-74.5
1110,-42.0,-74.25
1111,-42.0,-73.25
1112,-42.0,-73.0
1113,-41.75,-77.25
1114,-41.75,-77.0
1115,-41.75,-76.75
1116,-41.75,-76.5
1117,-41.75,-76.25
1118,-41.75,-76.0
1119,-41.75,-75.75
1120,-41.75,-75.5
1121,-41.75,-75.25
1122,-41.75,-75.0
1123,-41.75,-74.75
1124,-41.75,-74.5
1125,-41.75,-74.25
1126,-41.75,-74.0
1127,-41.5,-77.25
1128,-41.5,-77.0
1129,-41.5,-76.75
1130,-41.5,-76.5
1131,-41.5,-76.25
1132,-41.5,-76.0
1133,-41.5,-75.75
1134,-41.5,-75.5
1135,-41.5,-75.25
1136,-41.5,-75.0
1137,-41.5,-74.75
1138,-41.5,-74.5
1139,-41.5,-74.25
1140,-41.5,-74.0
1141,-41.25,-77.25
1142,-41.25,-77.0
1143,-41.25,-76.75
1144,-41.25,-76.5
1145,-41.25,-76.25
1146,-41.25,-76.0
1147,-41.25,-75.75
1148,-41.25,-75.5
1149,-41.25,-75.25
1150,-41.25,-75.0
1151,-41.25,-74.75
1152,-41.25,-74.5
1153,-41.25,-74.25
1154,-41.25,-74.0
1155,-41.0,-77.0
1156,-41.0,-76.75
1157,-41.0,-76.5
1158,-41.0,-76.25
1159,-41.0,-76.0
1160,-41.0,-75.75
1161,-41.0,-75.5
1162,-41.0,-75.25
1163,-41.0,-75.0
1164,-41.0,-74.75
1165,-41.0,-74.5
1166,-41.0,-74.25
1167,-41.0,-74.0
1168,-40.75,-77.0
1169,-40.75,-76.75
1170,-40.75,-76.5
1171,-40.75,-76.25
1172,-40.75,-76.0
1173,-40.75,-75.75
1174,-40.75,-75.5
1175,-40.75,-75.25
1176,-40.75,-75.0
1177,-40.75,-74.75
1178,-40.75,-74.5
1179,-40.75,-74.25
1180,-40.75,-74.0
1181,-40.5,-77.0
1182,-40.5,-76.75
1183,-40.5,-76.5
1184,-40.5,-76.25
1185,-40.5,-76.0
1186,-40.5,-75.75
1187,-40.5,-75.5
1188,-40.5,-75.25
1189,-40.5,-75.0
1190,-40.5,-74.75
1191,-40.5,-74.5
1192,-40.5,-74.25
1193,-40.5,-74.0
1194,-40.25,-77.0
1195,-40.25,-76.75
1196,-40.25,-76.5
1197,-40.25,-76.25
1198,-40.25,-76.0
1199,-40.25,-75.75
1200,-40.25,-75.5
1201,-40.25,-75.25
1202,-40.25,-75.0
1203,-40.25,-74.75
1204,-40.25,-74.5
1205,-40.25,-74.25
1206,-40.25,-74.0
1207,-40.0,-77.0
1208,-40.0,-76.75
1209,-40.0,-76.5
1210,-40.0,-76.25
1211,-40.0,-76.0
1212,-40.0,-75.75
1213,-40.0,-75.5
1214,-40.0,-75.25
1215,-40.0,-75.0
1216,-40.0,-74.75
1217,-40.0,-74.5
1218,-40.0,-74.25
1219,-40.0,-74.0
1220,-40.0,-73.75
1221,-39.75,-76.75
1222,-39.75,-76.5
1223,-39.75,-76.25
1224,-39.75,-76.0
1225,-39.75,-75.75
1226,-39.75,-75.5
1227,-39.75,-75.25
1228,-39.75,-75.0
1229,-39.75,-74.75
1230,-39.75,-74.5
1231,-39.75,-74.25
1232,-39.75,-74.0
1233,-39.75,-73.75
1234,-39.75,-73.5
1235,-39.5,-76.75
1236,-39.5,-76.5
1237,-39.5,-76.25
1238,-39.5,-76.0
1239,-39.5,-75.75
1240,-39.5,-75.5
1241,-39.5,-75.25
1242,-39.5,-75.0
1243,-39.5,-74.75
1244,-39.5,-74.5
1245,-39.5,-74.25
1246,-39.5,-74.0
1247,-39.5,-73.75
1248,-39.5,-73.5
1249,-39.25,-76.75
1250,-39.25,-76.5
1251,-39.25,-76.25
1252,-39.25,-76.0
1253,-39.25,-75.75
1254,-39.25,-75.5
1255,-39.25,-75.25
1256,-39.25,-75.0
1257,-39.25,-74.75
1258,-39.25,-74.5
1259,-39.25,-74.25
1260,-39.25,-74.0
1261,-39.25,-73.75
1262,-39.25,-73.5
1263,-39.0,-76.75
1264,-39.0,-76.5
1265,-39.0,-76.25
1266,-39.0,-76.0
1267,-39.0,-75.75
1268,-39.0,-75.5
1269,-39.0,-75.25
1270,-39.0,-75.0
1271,-39.0,-74.75
1272,-39.0,-74.5
1273,-39.0,-74.25
1274,-39.0,-74.0
1275,-39.0,-73.75
1276,-39.0,-73.5
1277,-38.75,-76.75
1278,-38.75,-76.5
1279,-38.75,-76.25
1280,-38.75,-76.0
1281,-38.75,-75.75
1282,-38.75,-75.5
1283,-38.75,-75.25
1284,-38.75,-75.0
1285,-38.75,-74.75
1286,-38.75,-74.5
1287,-38.75,-74.25
1288,-38.75,-74.0
1289,-38.75,-73.75
1290,-38.75,-73.5
1291,-38.5,-76.75
1292,-38.5,-76.5
1293,-38.5,-76.25
1294,-38.5,-76.0
1295,-38.5,-75.75
1296,-38.5,-75.5
1297,-38.5,-75.25
1298,-38.5,-75.0
1299,-38.5,-74.75
1300,-38.5,-74.5
1301,-38.5,-74.25
1302,-38.5,-74.0
1303,-38.5,-73.75
1304,-38.5,-73.5
1305,-38.25,-76.75
1306,-38.25,-76.5
1307,-38.25,-76.25
1308,-38.25,-76.0
1309,-38.25,-75.75
1310,-38.25,-75.5
1311,-38.25,-75.25
1312,-38.25,-75.0
1313,-38.25,-74.75
1314,-38.25,-74.5
1315,-38.25,-74.25
1316,-38.25,-74.0
1317,-38.25,-73.75
1318,-38.25,-73.5
1319,-38.0,-76.75
1320,-38.0,-76.5
1321,-38.0,-76.25
1322,-38.0,-76.0
1323,-38.0,-75.75
1324,-38.0,-75.5
1325,-38.0,-75.25
1326,-38.0,-75.0
1327,-38.0,-74.75
1328,-38.0,-74.5
1329,-38.0,-74.25
1330,-38.0,-74.0
1331,-38.0,-73.75
1332,-38.0,-73.5
1333,-37.75,-76.75
1334,-37.75,-76.5
1335,-37.75,-76.25
1336,-37.75,-76.0
1337,-37.75,-75.75
1338,-37.75,-75.5
1339,-37.75,-75.25
1340,-37.75,-75.0
1341,-37.75,-74.75
1342,-37.75,-74.5
1343,-37.75,-74.25
1344,-37.75,-74.0
1345,-37.75,-73.75
1346,-37.5,-76.75
1347,-37.5,-76.5
1348,-37.5,-76.25
1349,-37.5,-76.0
1350,-37.5,-75.75
1351,-37.5,-75.5
1352,-37.5,-75.25
1353,-37.5,-75.0
1354,-37.5,-74.75
1355,-37.5,-74.5
1356,-37.5,-74.25
1357,-37.5,-74.0
1358,-37.5,-73.75
1359,-37.25,-76.75
1360,-37.25,-76.5
1361,-37.25,-76.25
1362,-37.25,-76.0
1363,-37.25,-75.75
1364,-37.25,-75.5
1365,-37.25,-75.25
1366,-37.25,-75.0
1367,-37.25,-74.75
1368,-37.25,-74.5
1369,-37.25,-74.25
1370,-37.25,-74.0
1371,-37.25,-73.75
1372,-37.0,-76.75
1373,-37.0,-76.5
1374,-37.0,-76.25
1375,-37.0,-76.0
1376,-37.0,-75.75
1377,-37.0,-75.5
1378,-37.0,-75.25
1379,-37.0,-75.0
1380,-37.0,-74.75
1381,-37.0,-74.5
1382,-37.0,-74.25
1383,-37.0,-74.0
1384,-37.0,-73.75
1385,-37.0,-73.25
1386,-36.75,-76.75
1387,-36.75,-76.5
1388,-36.75,-76.25
1389,-36.75,-76.0
1390,-36.75,-75.75
1391,-36.75,-75.5
1392,-36.75,-75.25
1393,-36.75,-75.0
1394,-36.75,-74.75
1395,-36.75,-74.5
1396,-36.75,-74.25
1397,-36.75,-74.0
1398,-36.75,-73.75
1399,-36.75,-73.5
1400,-36.75,-73.25
1401,-36.5,-76.75
1402,-36.5,-76.5
1403,-36.5,-76.25
1404,-36.5,-76.0
1405,-36.5,-75.75
1406,-36.5,-75.5
1407,-36.5,-75.25
1408,-36.5,-75.0
1409,-36.5,-74.75
1410,-36.5,-74.5
1411,-36.5,-74.25
1412,-36.5,-74.0
1413,-36.5,-73.75
1414,-36.5,-73.5
1415,-36.5,-73.25
1416,-36.5,-73.0
1417,-36.25,-76.75
1418,-36.25,-76.5
1419,-36.25,-76.25
1420,-36.25,-76.0
1421,-36.25,-75.75
1422,-36.25,-75.5
1423,-36.25,-75.25
1424,-36.25,-75.0
1425,-36.25,-74.75
1426,-36.25,-74.5
1427,-36.25,-74.25
1428,-36.25,-74.0
1429,-36.25,-73.75
1430,-36.25,-73.5
1431,-36.25,-73.25
1432,-36.25,-73.0
1433,-36.0,-76.5
1434,-36.0,-76.25
1435,-36.0,-76.0
1436,-36.0,-75.75
1437,-36.0,-75.5
1438,-36.0,-75.25
1439,-36.0,-75.0
1440,-36.0,-74.75
1441,-36.0,-74.5
1442,-36.0,-74.25
1443,-36.0,-74.0
1444,-36.0,-73.75
1445,-36.0,-73.5
1446,-36.0,-73.25
1447,-36.0,-73.0
1448,-35.75,-76.5
1449,-35.75,-76.25
1450,-35.75,-76.0
1451,-35.75,-75.75
1452,-35.75,-75.5
1453,-35.75,-75.25
1454,-35.75,-75.0
1455,-35.75,-74.75
1456,-35.75,-74.5
1457,-35.75,-74.25
1458,-35.75,-74.0
1459,-35.75,-73.75
1460,-35.75,-73.5
1461,-35.75,-73.25
1462,-35.75,-73.0
1463,-35.75,-72.75
1464,-35.5,-76.25
1465,-35.5,-76.0
1466,-35.5,-75.75
1467,-35.5,-75.5
1468,-35.5,-75.25
1469,-35.5,-75.0
1470,-35.5,-74.75
1471,-35.5,-74.5
1472,-35.5,-74.25
1473,-35.5,-74.0
1474,-35.5,-73.75
1475,-35.5,-73.5
1476,-35.5,-73.25
1477,-35.5,-73.0
1478,-35.5,-72.75
1479,-35.25,-76.25
1480,-35.25,-76.0
1481,-35.25,-75.75
1482,-35.25,-75.5
1483,-35.25,-75.25
1484,-35.25,-75.0
1485,-35.25,-74.75
1486,-35.25,-74.5
1487,-35.25,-74.25
1488,-35.25,-74.0
1489,-35.25,-73.75
1490,-35.25,-73.5
1491,-35.25,-73.25
1492,-35.25,-73.0
1493,-35.25,-72.75
1494,-35.0,-76.0
1495,-35.0,-75.75
1496,-35.0,-75.5
1497,-35.0,-75.25
1498,-35.0,-75.0
1499,-35.0,-74.75
1500,-35.0,-74.5
1501,-35.0,-74.25
1502,-35.0,-74.0
1503,-35.0,-73.75
1504,-35.0,-73.5
1505,-35.0,-73.25
1506,-35.0,-73.0
1507,-35.0,-72.75
1508,-35.0,-72.5
1509,-35.0,-72.25
1510,-34.75,-75.75
1511,-34.75,-75.5
1512,-34.75,-75.25
1513,-34.75,-75.0
1514,-34.75,-74.75
1515,-34.75,-74.5
1516,-34.75,-74.25
1517,-34.75,-74.0
1518,-34.75,-73.75
1519,-34.75,-73.5
1520,-34.75,-73.25
1521,-34.75,-73.0
1522,-34.75,-72.75
1523,-34.75,-72.5
1524,-34.75,-72.25
1525,-34.5,-75.5
1526,-34.5,-75.25
1527,-34.5,-75.0
1528,-34.5,-74.75
1529,-34.5,-74.5
1530,-34.5,-74.25
1531,-34.5,-74.0
1532,-34.5,-73.75
1533,-34.5,-73.5
1534,-34.5,-73.25
1535,-34.5,-73.0
1536,-34.5,-72.75
1537,-34.5,-72.5
1538,-34.5,-72.25
1539,-34.25,-75.5
1540,-34.25,-75.25
1541,-34.25,-75.0
1542,-34.25,-74.75
1543,-34.25,-74.5
1544,-34.25,-74.25
1545,-34.25,-74.0
1546,-34.25,-73.75
1547,-34.25,-73.5
1548,-34.25,-73.25
1549,-34.25,-73.0
1550,-34.25,-72.75
1551,-34.25,-72.5
1552,-34.25,-72.25
1553,-34.25,-72.0
1554,-34.0,-75.5
1555,-34.0,-75.25
1556,-34.0,-75.0
1557,-34.0,-74.75
1558,-34.0,-74.5
1559,-34.0,-74.25
1560,-34.0,-74.0
1561,-34.0,-73.75
1562,-34.0,-73.5
1563,-34.0,-73.25
1564,-34.0,-73.0
1565,-34.0,-72.75
1566,-34.0,-72.5
1567,-34.0,-72.25
1568,-34.0,-72.0
1569,-33.75,-75.25
1570,-33.75,-75.0
1571,-33.75,-74.75
1572,-33.75,-74.5
1573,-33.75,-74.25
1574,-33.75,-74.0
1575,-33.75,-73.75
1576,-33.75,-73.5
1577,-33.75,-73.25
1578,-33.75,-73.0
1579,-33.75,-72.75
1580,-33.75,-72.5
1581,-33.75,-72.25
1582,-33.75,-72.0
1583,-33.5,-75.0
1584,-33.5,-74.75
1585,-33.5,-74.5
1586,-33.5,-74.25
1587,-33.5,-74.0
1588,-33.5,-73.75
1589,-33.5,-73.5
1590,-33.5,-73.25
1591,-33.5,-73.0
1592,-33.5,-72.75
1593,-33.5,-72.5
1594,-33.5,-72.25
1595,-33.5,-72.0
1596,-33.5,-71.75
1597,-33.25,-75.0
1598,-33.25,-74.75
1599,-33.25,-74.5
1600,-33.25,-74.25
1601,-33.25,-74.0
1602,-33.25,-73.75
1603,-33.25,-73.5
1604,-33.25,-73.25
1605,-33.25,-73.0
1606,-33.25,-72.75
1607,-33.25,-72.5
1608,-33.25,-72.25
1609,-33.25,-72.0
1610,-33.25,-71.75
1611,-33.0,-75.0
1612,-33.0,-74.75
1613,-33.0,-74.5
1614,-33.0,-74.25
1615,-33.0,-74.0
1616,-33.0,-73.75
1617,-33.0,-73.5
1618,-33.0,-73.25
1619,-33.0,-73.0
1620,-33.0,-72.75
1621,-33.0,-72.5
1622,-33.0,-72.25
1623,-33.0,-72.0
1624,-33.0,-71.75
1625,-32.75,-74.75
1626,-32.75,-74.5
1627,-32.75,-74.25
1628,-32.75,-74.0
1629,-32.75,-73.75
1630,-32.75,-73.5
1631,-32.75,-73.25
1632,-32.75,-73.0
1633,-32.75,-72.75
1634,-32.75,-72.5
1635,-32.75,-72.25
1636,-32.75,-72.0
1637,-32.75,-71.75
1638,-32.5,-74.75
1639,-32.5,-74.5
1640,-32.5,-74.25
1641,-32.5,-74.0
1642,-32.5,-73.75
1643,-32.5,-73.5
1644,-32.5,-73.25
1645,-32.5,-73.0
1646,-32.5,-72.75
1647,-32.5,-72.5
1648,-32.5,-72.25
1649,-32.5,-72.0
1650,-32.5,-71.75
1651,-32.5,-71.5
1652,-32.25,-74.75
1653,-32.25,-74.5
1654,-32.25,-74.25
1655,-32.25,-74.0
1656,-32.25,-73.75
1657,-32.25,-73.5
1658,-32.25,-73.25
1659,-32.25,-73.0
1660,-32.25,-72.75
1661,-32.25,-72.5
1662,-32.25,-72.25
1663,-32.25,-72.0
1664,-32.25,-71.75
1665,-32.25,-71.5
1666,-32.0,-74.75
1667,-32.0,-74.5
1668,-32.0,-74.25
1669,-32.0,-74.0
1670,-32.0,-73.75
1671,-32.0,-73.5
1672,-32.0,-73.25
1673,-32.0,-73.0
1674,-32.0,-72.75
1675,-32.0,-72.5
1676,-32.0,-72.25
1677,-32.0,-72.0
1678,-32.0,-71.75
1679,-31.75,-74.75
1680,-31.75,-74.5
1681,-31.75,-74.25
1682,-31.75,-74.0
1683,-31.75,-73.75
1684,-31.75,-73.5
1685,-31.75,-73.25
1686,-31.75,-73.0
1687,-31.75,-72.75
1688,-31.75,-72.5
1689,-31.75,-72.25
1690,-31.75,-72.0
1691,-31.75,-71.75
1692,-31.5,-74.75
1693,-31.5,-74.5
1694,-31.5,-74.25
1695,-31.5,-74.0
1696,-31.5,-73.75
1697,-31.5,-73.5
1698,-31.5,-73.25
1699,-31.5,-73.0
1700,-31.5,-72.75
1701,-31.5,-72.5
1702,-31.5,-72.25
1703,-31.5,-72.0
1704,-31.5,-71.75
1705,-31.25,-74.75
1706,-31.25,-74.5
1707,-31.25,-74.25
1708,-31.25,-74.0
1709,-31.25,-73.75
1710,-31.25,-73.5
1711,-31.25,-73.25
1712,-31.25,-73.0
1713,-31.25,-72.75
1714,-31.25,-72.5
1715,-31.25,-72.25
1716,-31.25,-72.0
1717,-31.25,-71.75
1718,-31.0,-74.75
1719,-31.0,-74.5
1720,-31.0,-74.25
1721,-31.0,-74.0
1722,-31.0,-73.75
1723,-31.0,-73.5
1724,-31.0,-73.25
1725,-31.0,-73.0
1726,-31.0,-72.75
1727,-31.0,-72.5
1728,-31.0,-72.25
1729,-31.0,-72.0
1730,-31.0,-71.75
1731,-30.75,-74.75
1732,-30.75,-74.5
1733,-30.75,-74.25
1734,-30.75,-74.0
1735,-30.75,-73.75
1736,-30.75,-73.5
1737,-30.75,-73.25
1738,-30.75,-73.0
1739,-30.75,-72.75
1740,-30.75,-72.5
1741,-30.75,-72.25
1742,-30.75,-72.0
1743,-30.75,-71.75
1744,-30.5,-74.75
1745,-30.5,-74.5
1746,-30.5,-74.25
1747,-30.5,-74.0
1748,-30.5,-73.75
1749,-30.5,-73.5
1750,-30.5,-73.25
1751,-30.5,-73.0
1752,-30.5,-72.75
1753,-30.5,-72.5
1754,-30.5,-72.25
1755,-30.5,-72.0
1756,-30.5,-71.75
1757,-30.25,-74.75
1758,-30.25,-74.5
1759,-30.25,-74.25
1760,-30.25,-74.0
1761,-30.25,-73.75
1762,-30.25,-73.5
1763,-30.25,-73.25
1764,-30.25,-73.0
1765,-30.25,-72.75
1766,-30.25,-72.5
1767,-30.25,-72.25
1768,-30.25,-72.0
1769,-30.25,-71.75
1770,-30.0,-74.75
1771,-30.0,-74.5
1772,-30.0,-74.25
1773,-30.0,-74.0
1774,-30.0,-73.75
1775,-30.0,-73.5
1776,-30.0,-73.25
1777,-30.0,-73.0
1778,-30.0,-72.75
1779,-30.0,-72.5
1780,-30.0,-72.25
1781,-30.0,-72.0
1782,-30.0,-71.75
1783,-30.0,-71.5
1784,-29.75,-74.75
1785,-29.75,-74.5
1786,-29.75,-74.25
1787,-29.75,-74.0
1788,-29.75,-73.75
1789,-29.75,-73.5
1790,-29.75,-73.25
1791,-29.75,-73.0
1792,-29.75,-72.75
1793,-29.75,-72.5
1794,-29.75,-72.25
1795,-29.75,-72.0
1796,-29.75,-71.75
1797,-29.75,-71.5
1798,-29.5,-74.75
1799,-29.5,-74.5
1800,-29.5,-74.25
1801,-29.5,-74.0
1802,-29.5,-73.75
1803,-29.5,-73.5
1804,-29.5,-73.25
1805,-29.5,-73.0
1806,-29.5,-72.75
1807,-29.5,-72.5
1808,-29.5,-72.25
1809,-29.5,-72.0
1810,-29.5,-71.75
1811,-29.5,-71.5
1812,-29.25,-74.75
1813,-29.25,-74.5
1814,-29.25,-74.25
1815,-29.25,-74.0
1816,-29.25,-73.75
1817,-29.25,-73.5
1818,-29.25,-73.25
1819,-29.25,-73.0
1820,-29.25,-72.75
1821,-29.25,-72.5
1822,-29.25,-72.25
1823,-29.25,-72.0
1824,-29.25,-71.75
1825,-29.0,-74.75
1826,-29.0,-74.5
1827,-29.0,-74.25
1828,-29.0,-74.0
1829,-29.0,-73.75
1830,-29.0,-73.5
1831,-29.0,-73.25
1832,-29.0,-73.0
1833,-29.0,-72.75
1834,-29.0,-72.5
1835,-29.0,-72.25
1836,-29.0,-72.0
1837,-29.0,-71.75
1838,-28.75,-74.75
1839,-28.75,-74.5
1840,-28.75,-74.25
1841,-28.75,-74.0
1842,-28.75,-73.75
1843,-28.75,-73.5
1844,-28.75,-73.25
1845,-28.75,-73.0
1846,-28.75,-72.75
1847,-28.75,-72.5
1848,-28.75,-72.25
1849,-28.75,-72.0
1850,-28.75,-71.75
1851,-28.75,-71.5
1852,-28.5,-74.5
1853,-28.5,-74.25
1854,-28.5,-74.0
1855,-28.5,-73.75
1856,-28.5,-73.5
1857,-28.5,-73.25
1858,-28.5,-73.0
1859,-28.5,-72.75
1860,-28.5,-72.5
1861,-28.5,-72.25
1862,-28.5,-72.0
1863,-28.5,-71.75
1864,-28.5,-71.5
1865,-28.25,-74.5
1866,-28.25,-74.25
1867,-28.25,-74.0
1868,-28.25,-73.75
1869,-28.25,-73.5
1870,-28.25,-73.25
1871,-28.25,-73.0
1872,-28.25,-72.75
1873,-28.25,-72.5
1874,-28.25,-72.25
1875,-28.25,-72.0
1876,-28.25,-71.75
1877,-28.25,-71.5
1878,-28.25,-71.25
1879,-28.0,-74.5
1880,-28.0,-74.25
1881,-28.0,-74.0
1882,-28.0,-73.75
1883,-28.0,-73.5
1884,-28.0,-73.25
1885,-28.0,-73.0
1886,-28.0,-72.75
1887,-28.0,-72.5
1888,-28.0,-72.25
1889,-28.0,-72.0
1890,-28.0,-71.75
1891,-28.0,-71.5
1892,-28.0,-71.25
1893,-27.75,-74.5
1894,-27.75,-74.25
1895,-27.75,-74.0
1896,-27.75,-73.75
1897,-27.75,-73.5
1898,-27.75,-73.25
1899,-27.75,-73.0
1900,-27.75,-72.75
1901,-27.75,-72.5
1902,-27.75,-72.25
1903,-27.75,-72.0
1904,-27.75,-71.75
1905,-27.75,-71.5
1906,-27.75,-71.25
1907,-27.5,-74.25
1908,-27.5,-74.0
1909,-27.5,-73.75
1910,-27.5,-73.5
1911,-27.5,-73.25
1912,-27.5,-73.0
1913,-27.5,-72.75
1914,-27.5,-72.5
1915,-27.5,-72.25
1916,-27.5,-72.0
1917,-27.5,-71.75
1918,-27.5,-71.5
1919,-27.5,-71.25
1920,-27.5,-71.0
1921,-27.25,-74.25
1922,-27.25,-74.0
1923,-27.25,-73.75
1924,-27.25,-73.5
1925,-27.25,-73.25
1926,-27.25,-73.0
1927,-27.25,-72.75
1928,-27.25,-72.5
1929,-27.25,-72.25
1930,-27.25,-72.0
1931,-27.25,-71.75
1932,-27.25,-71.5
1933,-27.25,-71.25
1934,-27.25,-71.0
1935,-27.0,-74.0
1936,-27.0,-73.75
1937,-27.0,-73.5
1938,-27.0,-73.25
1939,-27.0,-73.0
1940,-27.0,-72.75
1941,-27.0,-72.5
1942,-27.0,-72.25
1943,-27.0,-72.0
1944,-27.0,-71.75
1945,-27.0,-71.5
1946,-27.0,-71.25
1947,-27.0,-71.0
1948,-26.75,-74.0
1949,-26.75,-73.75
1950,-26.75,-73.5
1951,-26.75,-73.25
1952,-26.75,-73.0
1953,-26.75,-72.75
1954,-26.75,-72.5
1955,-26.75,-72.25
1956,-26.75,-72.0
1957,-26.75,-71.75
1958,-26.75,-71.5
1959,-26.75,-71.25
1960,-26.75,-71.0
1961,-26.75,-70.75
1962,-26.5,-74.0
1963,-26.5,-73.75
1964,-26.5,-73.5
1965,-26.5,-73.25
1966,-26.5,-73.0
1967,-26.5,-72.75
1968,-26.5,-72.5
1969,-26.5,-72.25
1970,-26.5,-72.0
1971,-26.5,-71.75
1972,-26.5,-71.5
1973,-26.5,-71.25
1974,-26.5,-71.0
1975,-26.5,-70.75
1976,-26.25,-74.0
1977,-26.25,-73.75
1978,-26.25,-73.5
1979,-26.25,-73.25
1980,-26.25,-73.0
1981,-26.25,-72.75
1982,-26.25,-72.5
1983,-26.25,-72.25
1984,-26.25,-72.0
1985,-26.25,-71.75
1986,-26.25,-71.5
1987,-26.25,-71.25
1988,-26.25,-71.0
1989,-26.25,-70.75
1990,-26.0,-74.0
1991,-26.0,-73.75
1992,-26.0,-73.5
1993,-26.0,-73.25
1994,-26.0,-73.0
1995,-26.0,-72.75
1996,-26.0,-72.5
1997,-26.0,-72.25
1998,-26.0,-72.0
1999,-26.0,-71.75
2000,-26.0,-71.5
2001,-26.0,-71.25
2002,-26.0,-71.0
2003,-26.0,-70.75
2004,-25.75,-73.75
2005,-25.75,-73.5
2006,-25.75,-73.25
2007,-25.75,-73.0
2008,-25.75,-72.75
2009,-25.75,-72.5
2010,-25.75,-72.25
2011,-25.75,-72.0
2012,-25.75,-71.75
2013,-25.75,-71.5
2014,-25.75,-71.25
2015,-25.75,-71.0
2016,-25.75,-70.75
2017,-25.5,-73.75
2018,-25.5,-73.5
2019,-25.5,-73.25
2020,-25.5,-73.0
2021,-25.5,-72.75
2022,-25.5,-72.5
2023,-25.5,-72.25
2024,-25.5,-72.0
2025,-25.5,-71.75
2026,-25.5,-71.5
2027,-25.5,-71.25
2028,-25.5,-71.0
2029,-25.5,-70.75
2030,-25.25,-73.75
2031,-25.25,-73.5
2032,-25.25,-73.25
2033,-25.25,-73.0
2034,-25.25,-72.75
2035,-25.25,-72.5
2036,-25.25,-72.25
2037,-25.25,-72.0
2038,-25.25,-71.75
2039,-25.25,-71.5
2040,-25.25,-71.25
2041,-25.25,-71.0
2042,-25.25,-70.75
2043,-25.25,-70.5
2044,-25.0,-73.75
2045,-25.0,-73.5
2046,-25.0,-73.25
2047,-25.0,-73.0
2048,-25.0,-72.75
2049,-25.0,-72.5
2050,-25.0,-72.25
2051,-25.0,-72.0
2052,-25.0,-71.75
2053,-25.0,-71.5
2054,-25.0,-71.25
2055,-25.0,-71.0
2056,-25.0,-70.75
2057,-25.0,-70.5
2058,-24.75,-73.75
2059,-24.75,-73.5
2060,-24.75,-73.25
2061,-24.75,-73.0
2062,-24.75,-72.75
2063,-24.75,-72.5
2064,-24.75,-72.25
2065,-24.75,-72.0
2066,-24.75,-71.75
2067,-24.75,-71.5
2068,-24.75,-71.25
2069,-24.75,-71.0
2070,-24.75,-70.75
2071,-24.5,-73.75
2072,-24.5,-73.5
2073,-24.5,-73.25
2074,-24.5,-73.0
2075,-24.5,-72.75
2076,-24.5,-72.5
2077,-24.5,-72.25
2078,-24.5,-72.0
2079,-24.5,-71.75
2080,-24.5,-71.5
2081,-24.5,-71.25
2082,-24.5,-71.0
2083,-24.5,-70.75
2084,-24.25,-73.75
2085,-24.25,-73.5
2086,-24.25,-73.25
2087,-24.25,-73.0
2088,-24.25,-72.75
2089,-24.25,-72.5
2090,-24.25,-72.25
2091,-24.25,-72.0
2092,-24.25,-71.75
2093,-24.25,-71.5
2094,-24.25,-71.25
2095,-24.25,-71.0
2096,-24.25,-70.75
2097,-24.0,-73.75
2098,-24.0,-73.5
2099,-24.0,-73.25
2100,-24.0,-73.0
2101,-24.0,-72.75
2102,-24.0,-72.5
2103,-24.0,-72.25
2104,-24.0,-72.0
2105,-24.0,-71.75
2106,-24.0,-71.5
2107,-24.0,-71.25
2108,-24.0,-71.0
2109,-24.0,-70.75
2110,-23.75,-73.75
2111,-23.75,-73.5
2112,-23.75,-73.25
2113,-23.75,-73.0
2114,-23.75,-72.75
2115,-23.75,-72.5
2116,-23.75,-72.25
2117,-23.75,-72.0
2118,-23.75,-71.75
2119,-23.75,-71.5
2120,-23.75,-71.25
2121,-23.75,-71.0
2122,-23.75,-70.75
2123,-23.75,-70.5
2124,-23.5,-73.75
2125,-23.5,-73.5
2126,-23.5,-73.25
2127,-23.5,-73.0
2128,-23.5,-72.75
2129,-23.5,-72.5
2130,-23.5,-72.25
2131,-23.5,-72.0
2132,-23.5,-71.75
2133,-23.5,-71.5
2134,-23.5,-71.25
2135,-23.5,-71.0
2136,-23.5,-70.75
2137,-23.25,-73.75
2138,-23.25,-73.5
2139,-23.25,-73.25
2140,-23.25,-73.0
2141,-23.25,-72.75
2142,-23.25,-72.5
2143,-23.25,-72.25
2144,-23.25,-72.0
2145,-23.25,-71.75
2146,-23.25,-71.5
2147,-23.25,-71.25
2148,-23.25,-71.0
2149,-23.25,-70.75
2150,-23.0,-73.75
2151,-23.0,-73.5
2152,-23.0,-73.25
2153,-23.0,-73.0
2154,-23.0,-72.75
2155,-23.0,-72.5
2156,-23.0,-72.25
2157,-23.0,-72.0
2158,-23.0,-71.75
2159,-23.0,-71.5
2160,-23.0,-71.25
2161,-23.0,-71.0
2162,-23.0,-70.75
2163,-22.75,-73.75
2164,-22.75,-73.5
2165,-22.75,-73.25
2166,-22.75,-73.0
2167,-22.75,-72.75
2168,-22.75,-72.5
2169,-22.75,-72.25
2170,-22.75,-72.0
2171,-22.75,-71.75
2172,-22.75,-71.5
2173,-22.75,-71.25
2174,-22.75,-71.0
2175,-22.75,-70.75
2176,-22.75,-70.5
2177,-22.5,-73.75
2178,-22.5,-73.5
2179,-22.5,-73.25
2180,-22.5,-73.0
2181,-22.5,-72.75
2182,-22.5,-72.5
2183,-22.5,-72.25
2184,-22.5,-72.0
2185,-22.5,-71.75
2186,-22.5,-71.5
2187,-22.5,-71.25
2188,-22.5,-71.0
2189,-22.5,-70.75
2190,-22.5,-70.5
2191,-22.5,-70.25
2192,-22.25,-73.5
2193,-22.25,-73.25
2194,-22.25,-73.0
2195,-22.25,-72.75
2196,-22.25,-72.5
2197,-22.25,-72.25
2198,-22.25,-72.0
2199,-22.25,-71.75
2200,-22.25,-71.5
2201,-22.25,-71.25
2202,-22.25,-71.0
2203,-22.25,-70.75
2204,-22.25,-70.5
2205,-22.25,-70.25
2206,-22.0,-73.5
2207,-22.0,-73.25
2208,-22.0,-73.0
2209,-22.0,-72.75
2210,-22.0,-72.5
2211,-22.0,-72.25
2212,-22.0,-72.0
2213,-22.0,-71.75
2214,-22.0,-71.5
2215,-22.0,-71.25
2216,-22.0,-71.0
2217,-22.0,-70.75
2218,-22.0,-70.5
2219,-22.0,-70.25
2220,-21.75,-73.5
2221,-21.75,-73.25
2222,-21.75,-73.0
2223,-21.75,-72.75
2224,-21.75,-72.5
2225,-21.75,-72.25
2226,-21.75,-72.0
2227,-21.75,-71.75
2228,-21.75,-71.5
2229,-21.75,-71.25
2230,-21.75,-71.0
2231,-21.75,-70.75
2232,-21.75,-70.5
2233,-21.75,-70.25
2234,-21.5,-73.25
2235,-21.5,-73.0
2236,-21.5,-72.75
2237,-21.5,-72.5
2238,-21.5,-72.25
2239,-21.5,-72.0
2240,-21.5,-71.75
2241,-21.5,-71.5
2242,-21.5,-71.25
2243,-21.5,-71.0
2244,-21.5,-70.75
2245,-21.5,-70.5
2246,-21.5,-70.25
2247,-21.25,-73.25
2248,-21.25,-73.0
2249,-21.25,-72.75
2250,-21.25,-72.5
2251,-21.25,-72.25
2252,-21.25,-72.0
2253,-21.25,-71.75
2254,-21.25,-71.5
2255,-21.25,-71.25
2256,-21.25,-71.0
2257,-21.25,-70.75
2258,-21.25,-70.5
2259,-21.25,-70.25
2260,-21.0,-73.25
2261,-21.0,-73.0
2262,-21.0,-72.75
2263,-21.0,-72.5
2264,-21.0,-72.25
2265,-21.0,-72.0
2266,-21.0,-71.75
2267,-21.0,-71.5
2268,-21.0,-71.25
2269,-21.0,-71.0
2270,-21.0,-70.75
2271,-21.0,-70.5
2272,-20.75,-73.25
2273,-20.75,-73.0
2274,-20.75,-72.75
2275,-20.75,-72.5
2276,-20.75,-72.25
2277,-20.75,-72.0
2278,-20.75,-71.75
2279,-20.75,-71.5
2280,-20.75,-71.25
2281,-20.75,-71.0
2282,-20.75,-70.75
2283,-20.75,-70.5
2284,-20.75,-70.25
2285,-20.5,-73.25
2286,-20.5,-73.0
2287,-20.5,-72.75
2288,-20.5,-72.5
2289,-20.5,-72.25
2290,-20.5,-72.0
2291,-20.5,-71.75
2292,-20.5,-71.5
2293,-20.5,-71.25
2294,-20.5,-71.0
2295,-20.5,-70.75
2296,-20.5,-70.5
2297,-20.5,-70.25
2298,-20.25,-73.25
2299,-20.25,-73.0
2300,-20.25,-72.75
2301,-20.25,-72.5
2302,-20.25,-72.25
2303,-20.25,-72.0
2304,-20.25,-71.75
2305,-20.25,-71.5
2306,-20.25,-71.25
2307,-20.25,-71.0
2308,-20.25,-70.75
2309,-20.25,-70.5
2310,-20.25,-70.25
2311,-20.0,-73.5
2312,-20.0,-73.25
2313,-20.0,-73.0
2314,-20.0,-72.75
2315,-20.0,-72.5
2316,-20.0,-72.25
2317,-20.0,-72.0
2318,-20.0,-71.75
2319,-20.0,-71.5
2320,-20.0,-71.25
2321,-20.0,-71.0
2322,-20.0,-70.75
2323,-20.0,-70.5
2324,-20.0,-70.25
2325,-19.75,-73.75
2326,-19.75,-73.5
2327,-19.75,-73.25
2328,-19.75,-73.0
2329,-19.75,-72.75
2330,-19.75,-72.5
2331,-19.75,-72.25
2332,-19.75,-72.0
2333,-19.75,-71.75
2334,-19.75,-71.5
2335,-19.75,-71.25
2336,-19.75,-71.0
2337,-19.75,-70.75
2338,-19.75,-70.5
2339,-19.75,-70.25
2340,-19.5,-74.0
2341,-19.5,-73.75
2342,-19.5,-73.5
2343,-19.5,-73.25
2344,-19.5,-73.0
2345,-19.5,-72.75
2346,-19.5,-72.5
2347,-19.5,-72.25
2348,-19.5,-72.0
2349,-19.5,-71.75
2350,-19.5,-71.5
2351,-19.5,-71.25
2352,-19.5,-71.0
2353,-19.5,-70.75
2354,-19.5,-70.5
2355,-19.5,-70.25
2356,-19.25,-74.75
2357,-19.25,-74.5
2358,-19.25,-74.25
2359,-19.25,-74.0
2360,-19.25,-73.75
2361,-19.25,-73.5
2362,-19.25,-73.25
2363,-19.25,-73.0
2364,-19.25,-72.75
2365,-19.25,-72.5
2366,-19.25,-72.25
2367,-19.25,-72.0
2368,-19.25,-71.75
2369,-19.25,-71.5
2370,-19.25,-71.25
2371,-19.25,-71.0
2372,-19.25,-70.75
2373,-19.25,-70.5
2374,-19.0,-75.25
2375,-19.0,-75.0
2376,-19.0,-74.75
2377,-19.0,-74.5
2378,-19.0,-74.25
2379,-19.0,-74.0
2380,-19.0,-73.75
2381,-19.0,-73.5
2382,-19.0,-73.25
2383,-19.0,-73.0
2384,-19.0,-72.75
2385,-19.0,-72.5
2386,-19.0,-72.25
2387,-19.0,-72.0
2388,-19.0,-71.75
2389,-19.0,-71.5
2390,-19.0,-71.25
2391,-19.0,-71.0
2392,-19.0,-70.75
2393,-19.0,-70.5
2394,-18.75,-75.75
2395,-18.75,-75.5
2396,-18.75,-75.25
2397,-18.75,-75.0
2398,-18.75,-74.75
2399,-18.75,-74.5
2400,-18.75,-74.25
2401,-18.75,-74.0
2402,-18.75,-73.75
2403,-18.75,-73.5
2404,-18.75,-73.25
2405,-18.75,-73.0
2406,-18.75,-72.75
2407,-18.75,-72.5
2408,-18.75,-72.25
2409,-18.75,-72.0
2410,-18.75,-71.75
2411,-18.75,-71.5
2412,-18.75,-71.25
2413,-18.75,-71.0
2414,-18.75,-70.75
2415,-18.75,-70.5
2416,-18.5,-76.0
2417,-18.5,-75.75
2418,-18.5,-75.5
2419,-18.5,-75.25
2420,-18.5,-75.0
2421,-18.5,-74.75
2422,-18.5,-74.5
2423,-18.5,-74.25
2424,-18.5,-74.0
2425,-18.5,-73.75
2426,-18.5,-73.5
2427,-18.5,-73.25
2428,-18.5,-73.0
2429,-18.5,-72.75
2430,-18.5,-72.5
2431,-18.5,-72.25
2432,-18.5,-72.0
2433,-18.5,-71.75
2434,-18.5,-71.5
2435,-18.5,-71.25
2436,-18.5,-71.0
2437,-18.5,-70.75
2438,-18.5,-70.5
2439,-18.25,-76.5
2440,-18.25,-76.25
2441,-18.25,-76.0
2442,-18.25,-75.75
2443,-18.25,-75.5
2444,-18.25,-75.25
2445,-18.25,-75.0
2446,-18.25,-74.75
2447,-18.25,-74.5
2448,-18.25,-74.25
2449,-18.25,-74.0
2450,-18.25,-73.75
2451,-18.25,-73.5
2452,-18.25,-73.25
2453,-18.25,-73.0
2454,-18.25,-72.75
2455,-18.25,-72.5
2456,-18.25,-72.25
2457,-18.25,-72.0
2458,-18.25,-71.75
2459,-18.25,-71.5
2460,-18.25,-71.25
2461,-18.25,-71.0
2462,-18.25,-70.75
2463,-18.25,-70.5
2464,-18.0,-77.0
2465,-18.0,-76.75
2466,-18.0,-76.5
2467,-18.0,-76.25
2468,-18.0,-76.0
2469,-18.0,-75.75
2470,-18.0,-75.5
2471,-18.0,-75.25
2472,-18.0,-75.0
2473,-18.0,-74.75
2474,-18.0,-74.5
2475,-18.0,-74.25
2476,-18.0,-74.0
2477,-18.0,-73.75
2478,-18.0,-73.5
2479,-18.0,-73.25
2480,-18.0,-73.0
2481,-18.0,-72.75
2482,-18.0,-72.5
2483,-18.0,-72.25
2484,-18.0,-72.0
2485,-18.0,-71.75
2486,-18.0,-71.5
2487,-18.0,-71.25
2488,-18.0,-71.0
2489,-17.75,-77.25
2490,-17.75,-77.0
2491,-17.75,-76.75
2492,-17.75,-76.5
2493,-17.75,-76.25
2494,-17.75,-76.0
2495,-17.75,-75.75
2496,-17.75,-75.5
2497,-17.75,-75.25
2498,-17.75,-75.0
2499,-17.75,-74.75
2500,-17.75,-74.5
2501,-17.75,-74.25
2502,-17.75,-74.0
2503,-17.75,-73.75
2504,-17.75,-73.5
2505,-17.75,-73.25
2506,-17.75,-73.0
2507,-17.75,-72.75
2508,-17.75,-72.5
2509,-17.75,-72.25
2510,-17.75,-72.0
2511,-17.75,-71.75
2512,-17.75,-71.5
2513,-17.5,-77.5
2514,-17.5,-77.25
2515,-17.5,-77.0
2516,-17.5,-76.75
2517,-17.5,-76.5
2518,-17.5,-76.25
2519,-17.5,-76.0
2520,-17.5,-75.75
2521,-17.5,-75.5
2522,-17.5,-75.25
2523,-17.5,-75.0
2524,-17.5,-74.75
2525,-17.5,-74.5
2526,-17.5,-74.25
2527,-17.5,-74.0
2528,-17.5,-73.75
2529,-17.5,-73.5
2530,-17.5,-73.25
2531,-17.5,-73.0
2532,-17.5,-72.75
2533,-17.5,-72.5
2534,-17.5,-72.25
2535,-17.5,-72.0
2536,-17.5,-71.75
2537,-17.5,-71.5
2538,-17.25,-77.75
2539,-17.25,-77.5
2540,-17.25,-77.25
2541,-17.25,-77.0
2542,-17.25,-76.75
2543,-17.25,-76.5
2544,-17.25,-76.25
2545,-17.25,-76.0
2546,-17.25,-75.75
2547,-17.25,-75.5
2548,-17.25,-75.25
2549,-17.25,-75.0
2550,-17.25,-74.75
2551,-17.25,-74.5
2552,-17.25,-74.25
2553,-17.25,-74.0
2554,-17.25,-73.75
2555,-17.25,-73.5
2556,-17.25,-73.25
2557,-17.25,-73.0
2558,-17.25,-72.75
2559,-17.25,-72.5
2560,-17.25,-72.25
2561,-17.25,-72.0
2562,-17.25,-71.75
2563,-17.0,-78.0
2564,-17.0,-77.75
2565,-17.0,-77.5
2566,-17.0,-77.25
2567,-17.0,-77.0
2568,-17.0,-76.75
2569,-17.0,-76.5
2570,-17.0,-76.25
2571,-17.0,-76.0
2572,-17.0,-75.75
2573,-17.0,-75.5
2574,-17.0,-75.25
2575,-17.0,-75.0
2576,-17.0,-74.75
2577,-17.0,-74.5
2578,-17.0,-74.25
2579,-17.0,-74.0
2580,-17.0,-73.75
2581,-17.0,-73.5
2582,-17.0,-73.25
2583,-17.0,-73.0
2584,-17.0,-72.75
2585,-17.0,-72.5
2586,-17.0,-72.25
2587,-16.75,-78.25
2588,-16.75,-78.0
2589,-16.75,-77.75
2590,-16.75,-77.5
2591,-16.75,-77.25
2592,-16.75,-77.0
2593,-16.75,-76.75
2594,-16.75,-76.5
2595,-16.75,-76.25
2596,-16.75,-76.0
2597,-16.75,-75.75
2598,-16.75,-75.5
2599,-16.75,-75.25
2600,-16.75,-75.0
2601,-16.75,-74.75
2602,-16.75,-74.5
2603,-16.75,-74.25
2604,-16.75,-74.0
2605,-16.75,-73.75
2606,-16.75,-73.5
2607,-16.75,-73.25
2608,-16.75,-73.0
2609,-16.75,-72.75
2610,-16.75,-72.5
2611,-16.5,-78.5
2612,-16.5,-78.25
2613,-16.5,-78.0
2614,-16.5,-77.75
2615,-16.5,-77.5
2616,-16.5,-77.25
2617,-16.5,-77.0
2618,-16.5,-76.75
2619,-16.5,-76.5
2620,-16.5,-76.25
2621,-16.5,-76.0
2622,-16.5,-75.75
2623,-16.5,-75.5
2624,-16.5,-75.25
2625,-16.5,-75.0
2626,-16.5,-74.75
2627,-16.5,-74.5
2628,-16.5,-74.25
2629,-16.5,-74.0
2630,-16.5,-73.75
2631,-16.5,-73.5
2632,-16.5,-73.25
2633,-16.5,-73.0
2634,-16.25,-78.5
2635,-16.25,-78.25
2636,-16.25,-78.0
2637,-16.25,-77.75
2638,-16.25,-77.5
2639,-16.25,-77.25
2640,-16.25,-77.0
2641,-16.25,-76.75
2642,-16.25,-76.5
2643,-16.25,-76.25
2644,-16.25,-76.0
2645,-16.25,-75.75
2646,-16.25,-75.5
2647,-16.25,-75.25
2648,-16.25,-75.0
2649,-16.25,-74.75
2650,-16.25,-74.5
2651,-16.25,-74.25
2652,-16.25,-74.0
2653,-16.25,-73.75
2654,-16.25,-73.5
2655,-16.0,-78.75
2656,-16.0,-78.5
2657,-16.0,-78.25
2658,-16.0,-78.0
2659,-16.0,-77.75
2660,-16.0,-77.5
2661,-16.0,-77.25
2662,-16.0,-77.0
2663,-16.0,-76.75
2664,-16.0,-76.5
2665,-16.0,-76.25
2666,-16.0,-76.0
2667,-16.0,-75.75
2668,-16.0,-75.5
2669,-16.0,-75.25
2670,-16.0,-75.0
2671,-16.0,-74.75
2672,-16.0,-74.5
2673,-16.0,-74.25
2674,-16.0,-74.0
2675,-15.75,-79.0
2676,-15.75,-78.75
2677,-15.75,-78.5
2678,-15.75,-78.25
2679,-15.75,-78.0
2680,-15.75,-77.75
2681,-15.75,-77.5
2682,-15.75,-77.25
2683,-15.75,-77.0
2684,-15.75,-76.75
2685,-15.75,-76.5
2686,-15.75,-76.25
2687,-15.75,-76.0
2688,-15.75,-75.75
2689,-15.75,-75.5
2690,-15.75,-75.25
2691,-15.75,-75.0
2692,-15.75,-74.75
2693,-15.75,-74.5
2694,-15.5,-79.0
2695,-15.5,-78.75
2696,-15.5,-78.5
2697,-15.5,-78.25
2698,-15.5,-78.0
2699,-15.5,-77.75
2700,-15.5,-77.5
2701,-15.5,-77.25
2702,-15.5,-77.0
2703,-15.5,-76.75
2704,-15.5,-76.5
2705,-15.5,-76.25
2706,-15.5,-76.0
2707,-15.5,-75.75
2708,-15.5,-75.5
2709,-15.5,-75.25
2710,-15.5,-75.0
2711,-15.25,-79.25
2712,-15.25,-79.0
2713,-15.25,-78.75
2714,-15.25,-78.5
2715,-15.25,-78.25
2716,-15.25,-78.0
2717,-15.25,-77.75
2718,-15.25,-77.5
2719,-15.25,-77.25
2720,-15.25,-77.0
2721,-15.25,-76.75
2722,-15.25,-76.5
2723,-15.25,-76.25
2724,-15.25,-76.0
2725,-15.25,-75.75
2726,-15.25,-75.5
2727,-15.25,-75.25
2728,-15.0,-79.25
2729,-15.0,-79.0
2730,-15.0,-78.75
2731,-15.0,-78.5
2732,-15.0,-78.25
2733,-15.0,-78.0
2734,-15.0,-77.75
2735,-15.0,-77.5
2736,-15.0,-77.25
2737,-15.0,-77.0
2738,-15.0,-76.75
2739,-15.0,-76.5
2740,-15.0,-76.25
2741,-15.0,-76.0
2742,-15.0,-75.75
2743,-15.0,-75.5
2744,-14.75,-79.5
2745,-14.75,-79.25
2746,-14.75,-79.0
2747,-14.75,-78.75
2748,-14.75,-78.5
2749,-14.75,-78.25
2750,-14.75,-78.0
2751,-14.75,-77.75
2752,-14.75,-77.5
2753,-14.75,-77.25
2754,-14.75,-77.0
2755,-14.75,-76.75
2756,-14.75,-76.5
2757,-14.75,-76.25
2758,-14.75,-76.0
2759,-14.75,-75.75
2760,-14.5,-79.5
2761,-14.5,-79.25
2762,-14.5,-79.0
2763,-14.5,-78.75
2764,-14.5,-78.5
2765,-14.5,-78.25
2766,-14.5,-78.0
2767,-14.5,-77.75
2768,-14.5,-77.5
2769,-14.5,-77.25
2770,-14.5,-77.0
2771,-14.5,-76.75
2772,-14.5,-76.5
2773,-14.5,-76.25
2774,-14.5,-76.0
2775,-14.25,-79.5
2776,-14.25,-79.25
2777,-14.25,-79.0
2778,-14.25,-78.75
2779,-14.25,-78.5
2780,-14.25,-78.25
2781,-14.25,-78.0
2782,-14.25,-77.75
2783,-14.25,-77.5
2784,-14.25,-77.25
2785,-14.25,-77.0
2786,-14.25,-76.75
2787,-14.25,-76.5
2788,-14.25,-76.25
2789,-14.0,-79.5
2790,-14.0,-79.25
2791,-14.0,-79.0
2792,-14.0,-78.75
2793,-14.0,-78.5
2794,-14.0,-78.25
2795,-14.0,-78.0
2796,-14.0,-77.75
2797,-14.0,-77.5
2798,-14.0,-77.25
2799,-14.0,-77.0
2800,-14.0,-76.75
2801,-14.0,-76.5
2802,-13.75,-79.75
2803,-13.75,-79.5
2804,-13.75,-79.25
2805,-13.75,-79.0
2806,-13.75,-78.75
2807,-13.75,-78.5
2808,-13.75,-78.25
2809,-13.75,-78.0
2810,-13.75,-77.75
2811,-13.75,-77.5
2812,-13.75,-77.25
2813,-13.75,-77.0
2814,-13.75,-76.75
2815,-13.75,-76.5
2816,-13.5,-80.0
2817,-13.5,-79.75
2818,-13.5,-79.5
2819,-13.5,-79.25
2820,-13.5,-79.0
2821,-13.5,-78.75
2822,-13.5,-78.5
2823,-13.5,-78.25
2824,-13.5,-78.0
2825,-13.5,-77.75
2826,-13.5,-77.5
2827,-13.5,-77.25
2828,-13.5,-77.0
2829,-13.5,-76.75
2830,-13.5,-76.5
2831,-13.25,-80.0
2832,-13.25,-79.75
2833,-13.25,-79.5
2834,-13.25,-79.25
2835,-13.25,-79.0
2836,-13.25,-78.75
2837,-13.25,-78.5
2838,-13.25,-78.25
2839,-13.25,-78.0
2840,-13.25,-77.75
2841,-13.25,-77.5
2842,-13.25,-77.25
2843,-13.25,-77.0
2844,-13.25,-76.75
2845,-13.25,-76.5
2846,-13.0,-80.25
2847,-13.0,-80.0
2848,-13.0,-79.75
2849,-13.0,-79.5
2850,-13.0,-79.25
2851,-13.0,-79.0
2852,-13.0,-78.75
2853,-13.0,-78.5
2854,-13.0,-78.25
2855,-13.0,-78.0
2856,-13.0,-77.75
2857,-13.0,-77.5
2858,-13.0,-77.25
2859,-13.0,-77.0
2860,-13.0,-76.75
2861,-12.75,-80.5
2862,-12.75,-80.25
2863,-12.75,-80.0
2864,-12.75,-79.75
2865,-12.75,-79.5
2866,-12.75,-79.25
2867,-12.75,-79.0
2868,-12.75,-78.75
2869,-12.75,-78.5
2870,-12.75,-78.25
2871,-12.75,-78.0
2872,-12.75,-77.75
2873,-12.75,-77.5
2874,-12.75,-77.25
2875,-12.75,-77.0
2876,-12.75,-76.75
2877,-12.5,-80.5
2878,-12.5,-80.25
2879,-12.5,-80.0
2880,-12.5,-79.75
2881,-12.5,-79.5
2882,-12.5,-79.25
2883,-12.5,-79.0
2884,-12.5,-78.75
2885,-12.5,-78.5
2886,-12.5,-78.25
2887,-12.5,-78.0
2888,-12.5,-77.75
2889,-12.5,-77.5
2890,-12.5,-77.25
2891,-12.5,-77.0
2892,-12.25,-80.5
2893,-12.25,-80.25
2894,-12.25,-80.0
2895,-12.25,-79.75
2896,-12.25,-79.5
2897,-12.25,-79.25
2898,-12.25,-79.0
2899,-12.25,-78.75
2900,-12.25,-78.5
2901,-12.25,-78.25
2902,-12.25,-78.0
2903,-12.25,-77.75
2904,-12.25,-77.5
2905,-12.25,-77.25
2906,-12.25,-77.0
2907,-12.0,-80.75
2908,-12.0,-80.5
2909,-12.0,-80.25
2910,-12.0,-80.0
2911,-12.0,-79.75
2912,-12.0,-79.5
2913,-12.0,-79.25
2914,-12.0,-79.0
2915,-12.0,-78.75
2916,-12.0,-78.5
2917,-12.0,-78.25
2918,-12.0,-78.0
2919,-12.0,-77.75
2920,-12.0,-77.5
2921,-11.75,-80.75
2922,-11.75,-80.5
2923,-11.75,-80.25
2924,-11.75,-80.0
2925,-11.75,-79.75
2926,-11.75,-79.5
2927,-11.75,-79.25
2928,-11.75,-79.0
2929,-11.75,-78.75
2930,-11.75,-78.5
2931,-11.75,-78.25
2932,-11.75,-78.0
2933,-11.75,-77.75
2934,-11.75,-77.5
2935,-11.75,-77.25
2936,-11.5,-81.0
2937,-11.5,-80.75
2938,-11.5,-80.5
2939,-11.5,-80.25
2940,-11.5,-80.0
2941,-11.5,-79.75
2942,-11.5,-79.5
2943,-11.5,-79.25
2944,-11.5,-79.0
2945,-11.5,-78.75
2946,-11.5,-78.5
2947,-11.5,-78.25
2948,-11.5,-78.0
2949,-11.5,-77.75
2950,-11.5,-77.5
2951,-11.25,-81.0
2952,-11.25,-80.75
2953,-11.25,-80.5
2954,-11.25,-80.25
2955,-11.25,-80.0
2956,-11.25,-79.75
2957,-11.25,-79.5
2958,-11.25,-79.25
2959,-11.25,-79.0
2960,-11.25,-78.75
2961,-11.25,-78.5
2962,-11.25,-78.25
2963,-11.25,-78.0
2964,-11.25,-77.75
2965,-11.0,-81.25
2966,-11.0,-81.0
2967,-11.0,-80.75
2968,-11.0,-80.5
2969,-11.0,-80.25
2970,-11.0,-80.0
2971,-11.0,-79.75
2972,-11.0,-79.5
2973,-11.0,-79.25
2974,-11.0,-79.0
2975,-11.0,-78.75
2976,-11.0,-78.5
2977,-11.0,-78.25
2978,-11.0,-78.0
2979,-11.0,-77.75
2980,-10.75,-81.25
2981,-10.75,-81.0
2982,-10.75,-80.75
2983,-10.75,-80.5
2984,-10.75,-80.25
2985,-10.75,-80.0
2986,-10.75,-79.75
2987,-10.75,-79.5
2988,-10.75,-79.25
2989,-10.75,-79.0
2990,-10.75,-78.75
2991,-10.75,-78.5
2992,-10.75,-78.25
2993,-10.75,-78.0
2994,-10.5,-81.5
2995,-10.5,-81.25
2996,-10.5,-81.0
2997,-10.5,-80.75
2998,-10.5,-80.5
2999,-10.5,-80.25
3000,-10.5,-80.0
3001,-10.5,-79.75
3002,-10.5,-79.5
3003,-10.5,-79.25
3004,-10.5,-79.0
3005,-10.5,-78.75
3006,-10.5,-78.5
3007,-10.5,-78.25
3008,-10.5,-78.0
3009,-10.25,-81.5
3010,-10.25,-81.25
3011,-10.25,-81.0
3012,-10.25,-80.75
3013,-10.25,-80.5
3014,-10.25,-80.25
3015,-10.25,-80.0
3016,-10.25,-79.75
3017,-10.25,-79.5
3018,-10.25,-79.25
3019,-10.25,-79.0
3020,-10.25,-78.75
3021,-10.25,-78.5
3022,-10.25,-78.25
3023,-10.0,-81.75
3024,-10.0,-81.5
3025,-10.0,-81.25
3026,-10.0,-81.0
3027,-10.0,-80.75
3028,-10.0,-80.5
3029,-10.0,-80.25
3030,-10.0,-80.0
3031,-10.0,-79.75
3032,-10.0,-79.5
3033,-10.0,-79.25
3034,-10.0,-79.0
3035,-10.0,-78.75
3036,-10.0,-78.5
3037,-10.0,-78.25
3038,-9.75,-81.75
3039,-9.75,-81.5
3040,-9.75,-81.25
3041,-9.75,-81.0
3042,-9.75,-80.75
3043,-9.75,-80.5
3044,-9.75,-80.25
3045,-9.75,-80.0
3046,-9.75,-79.75
3047,-9.75,-79.5
3048,-9.75,-79.25
3049,-9.75,-79.0
3050,-9.75,-78.75
3051,-9.75,-78.5
3052,-9.75,-78.25
3053,-9.5,-82.0
3054,-9.5,-81.75
3055,-9.5,-81.5
3056,-9.5,-81.25
3057,-9.5,-81.0
3058,-9.5,-80.75
3059,-9.5,-80.5
3060,-9.5,-80.25
3061,-9.5,-80.0
3062,-9.5,-79.75
3063,-9.5,-79.5
3064,-9.5,-79.25
3065,-9.5,-79.0
3066,-9.5,-78.75
3067,-9.5,-78.5
3068,-9.25,-82.25
3069,-9.25,-82.0
3070,-9.25,-81.75
3071,-9.25,-81.5
3072,-9.25,-81.25
3073,-9.25,-81.0
3074,-9.25,-80.75
3075,-9.25,-80.5
3076,-9.25,-80.25
3077,-9.25,-80.0
3078,-9.25,-79.75
3079,-9.25,-79.5
3080,-9.25,-79.25
3081,-9.25,-79.0
3082,-9.25,-78.75
3083,-9.0,-82.5
3084,-9.0,-82.25
3085,-9.0,-82.0
3086,-9.0,-81.75
3087,-9.0,-81.5
3088,-9.0,-81.25
3089,-9.0,-81.0
3090,-9.0,-80.75
3091,-9.0,-80.5
3092,-9.0,-80.25
3093,-9.0,-80.0
3094,-9.0,-79.75
3095,-9.0,-79.5
3096,-9.0,-79.25
3097,-9.0,-79.0
3098,-8.75,-82.75
3099,-8.75,-82.5
3100,-8.75,-82.25
3101,-8.75,-82.0
3102,-8.75,-81.75
3103,-8.75,-81.5
3104,-8.75,-81.25
3105,-8.75,-81.0
3106,-8.75,-80.75
3107,-8.75,-80.5
3108,-8.75,-80.25
3109,-8.75,-80.0
3110,-8.75,-79.75
3111,-8.75,-79.5
3112,-8.75,-79.25
3113,-8.75,-79.0
3114,-8.5,-83.0
3115,-8.5,-82.75
3116,-8.5,-82.5
3117,-8.5,-82.25
3118,-8.5,-82.0
3119,-8.5,-81.75
3120,-8.5,-81.5
3121,-8.5,-81.25
3122,-8.5,-81.0
3123,-8.5,-80.75
3124,-8.5,-80.5
3125,-8.5,-80.25
3126,-8.5,-80.0
3127,-8.5,-79.75
3128,-8.5,-79.5
3129,-8.5,-79.25
3130,-8.25,-83.25
3131,-8.25,-83.0
3132,-8.25,-82.75
3133,-8.25,-82.5
3134,-8.25,-82.25
3135,-8.25,-82.0
3136,-8.25,-81.75
3137,-8.25,-81.5
3138,-8.25,-81.25
3139,-8.25,-81.0
3140,-8.25,-80.75
3141,-8.25,-80.5
3142,-8.25,-80.25
3143,-8.25,-80.0
3144,-8.25,-79.75
3145,-8.25,-79.5
3146,-8.25,-79.25
3147,-8.0,-83.5
3148,-8.0,-83.25
3149,-8.0,-83.0
3150,-8.0,-82.75
3151,-8.0,-82.5
3152,-8.0,-82.25
3153,-8.0,-82.0
3154,-8.0,-81.75
3155,-8.0,-81.5
3156,-8.0,-81.25
3157,-8.0,-81.0
3158,-8.0,-80.75
3159,-8.0,-80.5
3160,-8.0,-80.25
3161,-8.0,-80.0
3162,-8.0,-79.75
3163,-8.0,-79.5
3164,-7.75,-83.75
3165,-7.75,-83.5
3166,-7.75,-83.25
3167,-7.75,-83.0
3168,-7.75,-82.75
3169,-7.75,-82.5
3170,-7.75,-82.25
3171,-7.75,-82.0
3172,-7.75,-81.75
3173,-7.75,-81.5
3174,-7.75,-81.25
3175,-7.75,-81.0
3176,-7.75,-80.75
3177,-7.75,-80.5
3178,-7.75,-80.25
3179,-7.75,-80.0
3180,-7.75,-79.75
3181,-7.5,-83.75
3182,-7.5,-83.5
3183,-7.5,-83.25
3184,-7.5,-83.0
3185,-7.5,-82.75
3186,-7.5,-82.5
3187,-7.5,-82.25
3188,-7.5,-82.0
3189,-7.5,-81.75
3190,-7.5,-81.5
3191,-7.5,-81.25
3192,-7.5,-81.0
3193,-7.5,-80.75
3194,-7.5,-80.5
3195,-7.5,-80.25
3196,-7.5,-80.0
3197,-7.5,-79.75
3198,-7.25,-84.0
3199,-7.25,-83.75
3200,-7.25,-83.5
3201,-7.25,-83.25
3202,-7.25,-83.0
3203,-7.25,-82.75
3204,-7.25,-82.5
3205,-7.25,-82.25
3206,-7.25,-82.0
3207,-7.25,-81.75
3208,-7.25,-81.5
3209,-7.25,-81.25
3210,-7.25,-81.0
3211,-7.25,-80.75
3212,-7.25,-80.5
3213,-7.25,-80.25
3214,-7.25,-80.0
3215,-7.25,-79.75
3216,-7.0,-84.0
3217,-7.0,-83.75
3218,-7.0,-83.5
3219,-7.0,-83.25
3220,-7.0,-83.0
3221,-7.0,-82.75
3222,-7.0,-82.5
3223,-7.0,-82.25
3224,-7.0,-82.0
3225,-7.0,-81.75
3226,-7.0,-81.5
3227,-7.0,-81.25
3228,-7.0,-81.0
3229,-7.0,-80.75
3230,-7.0,-80.5
3231,-7.0,-80.25
3232,-7.0,-80.0
3233,-6.75,-84.25
3234,-6.75,-84.0
3235,-6.75,-83.75
3236,-6.75,-83.5
3237,-6.75,-83.25
3238,-6.75,-83.0
3239,-6.75,-82.75
3240,-6.75,-82.5
3241,-6.75,-82.25
3242,-6.75,-82.0
3243,-6.75,-81.75
3244,-6.75,-81.5
3245,-6.75,-81.25
3246,-6.75,-81.0
3247,-6.75,-80.75
3248,-6.75,-80.5
3249,-6.5,-84.25
3250,-6.5,-84.0
3251,-6.5,-83.75
3252,-6.5,-83.5
3253,-6.5,-83.25
3254,-6.5,-83.0
3255,-6.5,-82.75
3256,-6.5,-82.5
3257,-6.5,-82.25
3258,-6.5,-82.0
3259,-6.5,-81.75
3260,-6.5,-81.5
3261,-6.5,-81.25
3262,-6.5,-81.0
3263,-6.5,-80.75
3264,-6.25,-84.25
3265,-6.25,-84.0
3266,-6.25,-83.75
3267,-6.25,-83.5
3268,-6.25,-83.25
3269,-6.25,-83.0
3270,-6.25,-82.75
3271,-6.25,-82.5
3272,-6.25,-82.25
3273,-6.25,-82.0
3274,-6.25,-81.75
3275,-6.25,-81.5
3276,-6.25,-81.25
3277,-6.25,-81.0
3278,-6.0,-84.25
3279,-6.0,-84.0
3280,-6.0,-83.75
3281,-6.0,-83.5
3282,-6.0,-83.25
3283,-6.0,-83.0
3284,-6.0,-82.75
3285,-6.0,-82.5
3286,-6.0,-82.25
3287,-6.0,-82.0
3288,-6.0,-81.75
3289,-6.0,-81.5
3290,-6.0,-81.25
3291,-5.75,-84.25
3292,-5.75,-84.0
3293,-5.75,-83.75
3294,-5.75,-83.5
3295,-5.75,-83.25
3296,-5.75,-83.0
3297,-5.75,-82.75
3298,-5.75,-82.5
3299,-5.75,-82.25
3300,-5.75,-82.0
3301,-5.75,-81.75
3302,-5.75,-81.5
3303,-5.75,-81.25
3304,-5.5,-84.25
3305,-5.5,-84.0
3306,-5.5,-83.75
3307,-5.5,-83.5
3308,-5.5,-83.25
3309,-5.5,-83.0
3310,-5.5,-82.75
3311,-5.5,-82.5
3312,-5.5,-82.25
3313,-5.5,-82.0
3314,-5.5,-81.75
3315,-5.5,-81.5
3316,-5.5,-81.25
3317,-5.5,-81.0
3318,-5.25,-84.5
3319,-5.25,-84.25
3320,-5.25,-84.0
3321,-5.25,-83.75
3322,-5.25,-83.5
3323,-5.25,-83.25
3324,-5.25,-83.0
3325,-5.25,-82.75
3326,-5.25,-82.5
3327,-5.25,-82.25
3328,-5.25,-82.0
3329,-5.25,-81.75
3330,-5.25,-81.5
3331,-5.25,-81.25
3332,-5.0,-84.5
3333,-5.0,-84.25
3334,-5.0,-84.0
3335,-5.0,-83.75
3336,-5.0,-83.5
3337,-5.0,-83.25
3338,-5.0,-83.0
3339,-5.0,-82.75
3340,-5.0,-82.5
3341,-5.0,-82.25
3342,-5.0,-82.0
3343,-5.0,-81.75
3344,-5.0,-81.5
3345,-5.0,-81.25
3346,-4.75,-84.5
3347,-4.75,-84.25
3348,-4.75,-84.0
3349,-4.75,-83.75
3350,-4.75,-83.5
3351,-4.75,-83.25
3352,-4.75,-83.0
3353,-4.75,-82.75
3354,-4.75,-82.5
3355,-4.75,-82.25
3356,-4.75,-82.0
3357,-4.75,-81.75
3358,-4.75,-81.5
3359,-4.5,-84.5
3360,-4.5,-84.25
3361,-4.5,-84.0
3362,-4.5,-83.75
3363,-4.5,-83.5
3364,-4.5,-83.25
3365,-4.5,-83.0
3366,-4.5,-82.75
3367,-4.5,-82.5
3368,-4.5,-82.25
3369,-4.5,-82.0
3370,-4.5,-81.75
3371,-4.5,-81.5
3372,-4.25,-84.5
3373,-4.25,-84.25
3374,-4.25,-84.0
3375,-4.25,-83.75
3376,-4.25,-83.5
3377,-4.25,-83.25
3378,-4.25,-83.0
3379,-4.25,-82.75
3380,-4.25,-82.5
3381,-4.25,-82.25
3382,-4.25,-82.0
3383,-4.25,-81.75
3384,-4.25,-81.5
3385,-4.0,-84.5
3386,-4.0,-84.25
3387,-4.0,-84.0
3388,-4.0,-83.75
3389,-4.0,-83.5
3390,-4.0,-83.25
3391,-4.0,-83.0
3392,-4.0,-82.75
3393,-4.0,-82.5
3394,-4.0,-82.25
3395,-4.0,-82.0
3396,-4.0,-81.75
3397,-4.0,-81.5
3398,-4.0,-81.25
3399,-3.75,-84.25
3400,-3.75,-84.0
3401,-3.75,-83.75
3402,-3.75,-83.5
3403,-3.75,-83.25
3404,-3.75,-83.0
3405,-3.75,-82.75
3406,-3.75,-82.5
3407,-3.75,-82.25
3408,-3.75,-82.0
3409,-3.75,-81.75
3410,-3.75,-81.5
3411,-3.75,-81.25
3412,-3.75,-81.0
3413,-3.5,-84.25
3414,-3.5,-84.0
3415,-3.5,-83.75
3416,-3.5,-83.5
3417,-3.5,-83.25
3418,-3.5,-83.0
3419,-3.5,-82.75
3420,-3.5,-82.5
3421,-3.5,-82.25
3422,-3.5,-82.0
3423,-3.5,-81.75
3424,-3.5,-81.5
3425,-3.5,-81.25
3426,-3.5,-81.0
3427,-3.5,-80.75
3428,-3.25,-84.25
3429,-3.25,-84.0
3430,-3.25,-83.75
3431,-3.25,-83.5
3432,-3.25,-83.25
3433,-3.25,-83.0
3434,-3.25,-82.75
3435,-3.25,-82.5
3436,-3.25,-82.25
3437,-3.25,-82.0
3438,-3.25,-81.75
3439,-3.25,-81.5
3440,-3.25,-81.25
3441,-3.25,-81.0
3442,-3.25,-80.75
3443,-3.25,-80.5
3444,-3.0,-84.25
3445,-3.0,-84.0
3446,-3.0,-83.75
3447,-3.0,-83.5
3448,-3.0,-83.25
3449,-3.0,-83.0
3450,-3.0,-82.75
3451,-3.0,-82.5
3452,-3.0,-82.25
3453,-3.0,-82.0
3454,-3.0,-81.75
3455,-3.0,-81.5
3456,-3.0,-81.25
3457,-3.0,-81.0
3458,-3.0,-80.75
3459,-3.0,-80.5
3460,-2.75,-84.0
3461,-2.75,-83.75
3462,-2.75,-83.5
3463,-2.75,-83.25
3464,-2.75,-83.0
3465,-2.75,-82.75
3466,-2.75,-82.5
3467,-2.75,-82.25
3468,-2.75,-82.0
3469,-2.75,-81.75
3470,-2.75,-81.5
3471,-2.75,-81.25
3472,-2.75,-81.0
3473,-2.75,-80.75
3474,-2.5,-84.0
3475,-2.5,-83.75
3476,-2.5,-83.5
3477,-2.5,-83.25
3478,-2.5,-83.0
3479,-2.5,-82.75
3480,-2.5,-82.5
3481,-2.5,-82.25
3482,-2.5,-82.0
3483,-2.5,-81.75
3484,-2.5,-81.5
3485,-2.5,-81.25
3486,-2.5,-81.0
3487,-2.25,-84.25
3488,-2.25,-84.0
3489,-2.25,-83.75
3490,-2.25,-83.5
3491,-2.25,-83.25
3492,-2.25,-83.0
3493,-2.25,-82.75
3494,-2.25,-82.5
3495,-2.25,-82.25
3496,-2.25,-82.0
3497,-2.25,-81.75
3498,-2.25,-81.5
3499,-2.25,-81.25
3500,-2.0,-84.25
3501,-2.0,-84.0
3502,-2.0,-83.75
3503,-2.0,-83.5
3504,-2.0,-83.25
3505,-2.0,-83.0
3506,-2.0,-82.75
3507,-2.0,-82.5
3508,-2.0,-82.25
3509,-2.0,-82.0
3510,-2.0,-81.75
3511,-2.0,-81.5
3512,-2.0,-81.25
3513,-2.0,-81.0
3514,-1.75,-84.0
3515,-1.75,-83.75
3516,-1.75,-83.5
3517,-1.75,-83.25
3518,-1.75,-83.0
3519,-1.75,-82.75
3520,-1.75,-82.5
3521,-1.75,-82.25
3522,-1.75,-82.0
3523,-1.75,-81.75
3524,-1.75,-81.5
3525,-1.75,-81.25
3526,-1.75,-81.0
3527,-1.5,-84.0
3528,-1.5,-83.75
3529,-1.5,-83.5
3530,-1.5,-83.25
3531,-1.5,-83.0
3532,-1.5,-82.75
3533,-1.5,-82.5
3534,-1.5,-82.25
3535,-1.5,-82.0
3536,-1.5,-81.75
3537,-1.5,-81.5
3538,-1.5,-81.25
3539,-1.5,-81.0
3540,-1.25,-84.0
3541,-1.25,-83.75
3542,-1.25,-83.5
3543,-1.25,-83.25
3544,-1.25,-83.0
3545,-1.25,-82.75
3546,-1.25,-82.5
3547,-1.25,-82.25
3548,-1.25,-82.0
3549,-1.25,-81.75
3550,-1.25,-81.5
3551,-1.25,-81.25
3552,-1.25,-81.0
3553,-1.0,-84.0
3554,-1.0,-83.75
3555,-1.0,-83.5
3556,-1.0,-83.25
3557,-1.0,-83.0
3558,-1.0,-82.75
3559,-1.0,-82.5
3560,-1.0,-82.25
3561,-1.0,-82.0
3562,-1.0,-81.75
3563,-1.0,-81.5
3564,-1.0,-81.25
3565,-1.0,-81.0
3566,-0.75,-84.0
3567,-0.75,-83.75
3568,-0.75,-83.5
3569,-0.75,-83.25
3570,-0.75,-83.0
3571,-0.75,-82.75
3572,-0.75,-82.5
3573,-0.75,-82.25
3574,-0.75,-82.0
3575,-0.75,-81.75
3576,-0.75,-81.5
3577,-0.75,-81.25
3578,-0.75,-81.0
3579,-0.75,-80.75
3580,-0.5,-84.0
3581,-0.5,-83.75
3582,-0.5,-83.5
3583,-0.5,-83.25
3584,-0.5,-83.0
3585,-0.5,-82.75
3586,-0.5,-82.5
3587,-0.5,-82.25
3588,-0.5,-82.0
3589,-0.5,-81.75
3590,-0.5,-81.5
3591,-0.5,-81.25
3592,-0.5,-81.0
3593,-0.5,-80.75
3594,-0.25,-84.0
3595,-0.25,-83.75
3596,-0.25,-83.5
3597,-0.25,-83.25
3598,-0.25,-83.0
3599,-0.25,-82.75
3600,-0.25,-82.5
3601,-0.25,-82.25
3602,-0.25,-82.0
3603,-0.25,-81.75
3604,-0.25,-81.5
3605,-0.25,-81.25
3606,-0.25,-81.0
3607,-0.25,-80.75
3608,-0.25,-80.5
3609,0.0,-83.75
3610,0.0,-83.5
3611,0.0,-83.25
3612,0.0,-83.0
3613,0.0,-82.75
3614,0.0,-82.5
3615,0.0,-82.25
3616,0.0,-82.0
3617,0.0,-81.75
3618,0.0,-81.5
3619,0.0,-81.25
3620,0.0,-81.0
3621,0.0,-80.75
3622,0.0,-80.5
3623,0.25,-83.75
3624,0.25,-83.5
3625,0.25,-83.25
3626,0.25,-83.0
3627,0.25,-82.75
3628,0.25,-82.5
3629,0.25,-82.25
3630,0.25,-82.0
3631,0.25,-81.75
3632,0.25,-81.5
3633,0.25,-81.25
3634,0.25,-81.0
3635,0.25,-80.75
3636,0.25,-80.5
3637,0.25,-80.25
3638,0.5,-83.75
3639,0.5,-83.5
3640,0.5,-83.25
3641,0.5,-83.0
3642,0.5,-82.75
3643,0.5,-82.5
3644,0.5,-82.25
3645,0.5,-82.0
3646,0.5,-81.75
3647,0.5,-81.5
3648,0.5,-81.25
3649,0.5,-81.0
3650,0.5,-80.75
3651,0.5,-80.5
3652,0.5,-80.25
3653,0.75,-83.5
3654,0.75,-83.25
3655,0.75,-83.0
3656,0.75,-82.75
3657,0.75,-82.5
3658,0.75,-82.25
3659,0.75,-82.0
3660,0.75,-81.75
3661,0.75,-81.5
3662,0.75,-81.25
3663,0.75,-81.0
3664,0.75,-80.75
3665,0.75,-80.5
3666,0.75,-80.25
3667,1.0,-83.25
3668,1.0,-83.0
3669,1.0,-82.75
3670,1.0,-82.5
3671,1.0,-82.25
3672,1.0,-82.0
3673,1.0,-81.75
3674,1.0,-81.5
3675,1.0,-81.25
3676,1.0,-81.0
3677,1.0,-80.75
3678,1.0,-80.5
3679,1.0,-80.25
3680,1.25,-83.25
3681,1.25,-83.0
3682,1.25,-82.75
3683,1.25,-82.5
3684,1.25,-82.25
3685,1.25,-82.0
3686,1.25,-81.75
3687,1.25,-81.5
3688,1.25,-81.25
3689,1.25,-81.0
3690,1.25,-80.75
3691,1.25,-80.5
3692,1.25,-80.25
3693,1.25,-80.0
3694,1.25,-79.75
3695,1.25,-79.5
3696,1.25,-79.25
